{"type": "FeatureCollection", "crs": {"type": "name", "properties": {"name": "urn:ogc:def:crs:OGC:1.3:CRS84"}}, "features": [{"type": "Feature", "properties": {"Source": "Survey of India State Map, Datameet"}, "geometry": {"type": "MultiPolygon", "coordinates": [[[[84.7686, 19.08], [84.5978, 18.8747], [84.5575, 18.8741], [84.5831, 18.8571], [84.5536, 18.7833], [84.4455, 18.6736], [84.4117, 18.6669], [84.4414, 18.6549], [84.3572, 18.5639], [84.3481, 18.5831], [84.2743, 18.5187], [84.3424, 18.542], [84.1366, 18.3506], [84.0611, 18.3359], [83.9927, 18.3583], [84.0586, 18.3252], [84.1194, 18.339], [84.1184, 18.301], [83.6608, 18.0841], [83.5827, 18.012], [83.556, 18.0194], [83.5543, 17.9626], [83.4747, 17.9105], [83.446, 17.9204], [83.4534, 17.8802], [83.4037, 17.8436], [83.4163, 17.8074], [83.3403, 17.7142], [83.2413, 17.6253], [83.1982, 17.6381], [83.2311, 17.6158], [83.2189, 17.591], [82.623, 17.295], [82.3059, 17.0296], [82.2495, 16.8909], [82.3159, 16.8399], [82.3521, 16.8493], [82.363, 16.8185], [82.366, 16.928], [82.3368, 16.9835], [82.3755, 16.8795], [82.3505, 16.7215], [82.3202, 16.7246], [82.3399, 16.6886], [82.3679, 16.7018], [82.3238, 16.6508], [82.3323, 16.5798], [82.3132, 16.5859], [82.3225, 16.6238], [82.3084, 16.6042], [82.2898, 16.6204], [82.2982, 16.5705], [82.2635, 16.5582], [82.3132, 16.5548], [82.1507, 16.487], [82.2, 16.5585], [82.1802, 16.5611], [82.1407, 16.4844], [81.9675, 16.3962], [81.9649, 16.4374], [81.9451, 16.3943], [81.7304, 16.3087], [81.7248, 16.3557], [81.7088, 16.3028], [81.6608, 16.336], [81.5728, 16.348], [81.5495, 16.3903], [81.5545, 16.3601], [81.5286, 16.3508], [81.4032, 16.3369], [81.4086, 16.3814], [81.3681, 16.356], [81.3128, 16.3602], [81.3028, 16.3435], [81.3212, 16.3424], [81.2461, 16.3044], [81.2664, 16.29], [81.2414, 16.2607], [81.2671, 16.2707], [81.2115, 16.2049], [81.1476, 16.0192], [81.1529, 15.9748], [81.0838, 16.0019], [81.1406, 15.9622], [81.01, 15.8492], [81.0071, 15.7625], [80.94, 15.8072], [80.9894, 15.7606], [80.9369, 15.7297], [80.8629, 15.8221], [80.9168, 15.7308], [80.8387, 15.7066], [80.804, 15.7162], [80.8077, 15.8355], [80.7559, 15.8802], [80.4982, 15.8571], [80.5212, 15.8459], [80.3597, 15.7638], [80.2775, 15.6821], [80.2223, 15.545], [80.1755, 15.5733], [80.1347, 15.5571], [80.1856, 15.5597], [80.2135, 15.5312], [80.184, 15.4907], [80.2101, 15.4951], [80.1027, 15.3342], [80.0838, 15.1953], [80.0302, 15.2108], [80.0737, 15.1819], [80.0457, 15.0496], [80.0932, 14.8332], [80.0746, 14.8137], [80.1323, 14.7092], [80.1214, 14.6832], [80.1454, 14.6912], [80.1839, 14.5898], [80.0935, 14.5344], [80.1946, 14.5639], [80.173, 14.3466], [80.1459, 14.2543], [80.1237, 14.2425], [80.1296, 14.1411], [80.1441, 14.0175], [80.2477, 13.7975], [80.2407, 13.6347], [80.3188, 13.4565], [80.2809, 13.428], [80.3251, 13.3832], [80.3293, 13.4385], [80.3463, 13.2934], [80.2602, 12.9373], [80.2539, 12.7669], [80.1624, 12.4707], [79.8882, 12.0701], [79.784, 11.7872], [79.7901, 11.7471], [79.767, 11.7445], [79.7856, 11.7293], [79.7632, 11.5375], [79.8104, 11.4394], [79.8247, 11.3645], [79.7987, 11.3686], [79.8124, 11.3443], [79.8401, 11.3525], [79.8539, 11.1952], [79.8358, 10.8115], [79.8787, 10.2873], [79.7948, 10.2713], [79.7286, 10.3299], [79.7041, 10.3288], [79.7148, 10.3112], [79.6379, 10.3381], [79.6134, 10.3183], [79.7475, 10.3001], [79.7743, 10.2739], [79.5454, 10.3073], [79.5563, 10.3299], [79.6148, 10.3345], [79.5328, 10.3558], [79.5193, 10.3118], [79.3879, 10.3216], [79.2756, 10.2382], [79.2288, 10.145], [79.2269, 10.0926], [79.2635, 10.0358], [78.9876, 9.7073], [78.8946, 9.4786], [79.0518, 9.3], [79.1883, 9.2809], [78.8565, 9.2519], [78.725, 9.2088], [78.7208, 9.1873], [78.6577, 9.1875], [78.6507, 9.1554], [78.5753, 9.1282], [78.4223, 9.1134], [78.2748, 9.0108], [78.2134, 9.048], [78.2678, 9.0008], [78.2125, 8.9616], [78.1721, 8.8804], [78.1654, 8.7584], [78.1982, 8.7652], [78.1993, 8.7879], [78.2059, 8.7669], [78.141, 8.6929], [78.133, 8.4924], [78.0672, 8.4163], [78.0673, 8.3713], [77.8144, 8.2462], [77.7343, 8.1677], [77.5892, 8.1413], [77.5529, 8.0778], [77.3175, 8.1214], [77.0065, 8.3604], [76.6718, 8.7904], [76.5538, 8.8905], [76.3429, 9.4027], [76.2433, 9.9693], [76.043, 10.4944], [76.0585, 10.4796], [76.0402, 10.5219], [76.0687, 10.5095], [76.0657, 10.5353], [76.0414, 10.5656], [76.0329, 10.5067], [75.9017, 10.8025], [75.8521, 11.0536], [75.8102, 11.1542], [75.8231, 11.168], [75.801, 11.1721], [75.7001, 11.4234], [75.6207, 11.4773], [75.531, 11.7036], [75.388, 11.8578], [75.3603, 11.8524], [75.3208, 11.8991], [75.3094, 11.9413], [75.3506, 11.9296], [75.3186, 11.9733], [75.2883, 11.9896], [75.2961, 11.9525], [75.2361, 12.0234], [75.2043, 12.0034], [74.8284, 12.8313], [74.7707, 13.0776], [74.7819, 13.0581], [74.79, 13.1023], [74.7663, 13.0909], [74.7006, 13.338], [74.721, 13.2871], [74.7247, 13.3209], [74.6946, 13.3576], [74.6882, 13.4539], [74.6997, 13.4155], [74.743, 13.387], [74.7052, 13.4334], [74.7507, 13.4585], [74.7319, 13.4755], [74.705, 13.4424], [74.6954, 13.4813], [74.6894, 13.463], [74.6637, 13.631], [74.6811, 13.6074], [74.6855, 13.6384], [74.7088, 13.6148], [74.7236, 13.6215], [74.7044, 13.6385], [74.7602, 13.6385], [74.7019, 13.6536], [74.7073, 13.6723], [74.6795, 13.6776], [74.7133, 13.6967], [74.6682, 13.7138], [74.6657, 13.6389], [74.6065, 13.8586], [74.6264, 13.8589], [74.5158, 13.9895], [74.506, 14.0255], [74.5236, 14.0339], [74.5011, 14.0411], [74.4324, 14.2621], [74.5271, 14.2398], [74.4688, 14.2919], [74.4436, 14.2811], [74.426, 14.305], [74.4256, 14.281], [74.403, 14.419], [74.3571, 14.4995], [74.3755, 14.519], [74.3872, 14.451], [74.4221, 14.4726], [74.4415, 14.4566], [74.4362, 14.4716], [74.3676, 14.5592], [74.341, 14.5166], [74.3087, 14.5202], [74.2946, 14.5919], [74.3841, 14.5923], [74.4296, 14.6246], [74.3637, 14.5982], [74.2847, 14.6085], [74.2856, 14.663], [74.2465, 14.7395], [74.2002, 14.7202], [74.1669, 14.7521], [74.1772, 14.7667], [74.1572, 14.747], [74.095, 14.7977], [74.1205, 14.802], [74.1263, 14.8344], [74.162, 14.8381], [74.1568, 14.8128], [74.1762, 14.8551], [74.2502, 14.8747], [74.1791, 14.8811], [74.121, 14.8384], [74.0969, 14.8933], [74.0423, 14.9151], [74.0457, 14.9871], [73.984, 15.0258], [73.9835, 15.0552], [73.9139, 15.0837], [73.9583, 15.1444], [73.9591, 15.185], [73.9466, 15.1458], [73.8793, 15.3634], [73.8431, 15.3602], [73.7837, 15.4112], [73.9224, 15.4036], [73.9373, 15.4334], [73.8978, 15.4176], [73.7856, 15.4616], [73.8338, 15.5051], [73.7672, 15.4946], [73.7304, 15.5984], [73.7665, 15.6327], [73.7242, 15.6248], [73.6997, 15.7215], [73.66, 15.7452], [73.6889, 15.7546], [73.5915, 15.9085], [73.5124, 15.9391], [73.4876, 15.9749], [73.4865, 16.0376], [73.4579, 16.0647], [73.4724, 16.1586], [73.4588, 16.1143], [73.3863, 16.3355], [73.4205, 16.3648], [73.3719, 16.3715], [73.4695, 16.4151], [73.3698, 16.3938], [73.3192, 16.5128], [73.3463, 16.5723], [73.3242, 16.6034], [73.355, 16.591], [73.3434, 16.6098], [73.3678, 16.6247], [73.4031, 16.5864], [73.3924, 16.6267], [73.344, 16.6161], [73.3242, 16.6357], [73.3454, 16.6906], [73.3118, 16.7163], [73.3176, 16.7971], [73.2935, 16.8343], [73.2928, 16.8832], [73.3154, 16.888], [73.2824, 16.8931], [73.2947, 16.9749], [73.3287, 16.9503], [73.3337, 16.9679], [73.2727, 16.985], [73.2821, 17.0136], [73.2579, 17.0464], [73.2805, 17.0397], [73.3124, 17.0768], [73.2714, 17.1143], [73.2775, 17.1553], [73.1899, 17.2994], [73.246, 17.3171], [73.2059, 17.3875], [73.1686, 17.4037], [73.2045, 17.4394], [73.1413, 17.5566], [73.1601, 17.5908], [73.117, 17.6895], [73.1381, 17.7186], [73.0932, 17.8326], [73.1302, 17.8313], [73.0921, 17.8387], [73.0803, 17.8944], [73.056, 17.8934], [73.0336, 17.9365], [73.0068, 18.0218], [73.0466, 18.0439], [73.0176, 18.0302], [72.9923, 18.0496], [72.9762, 18.1992], [72.9321, 18.2141], [72.9327, 18.2807], [72.9625, 18.3162], [72.9134, 18.3593], [72.9261, 18.3838], [72.8921, 18.4593], [72.9041, 18.5357], [72.9333, 18.5344], [72.8617, 18.6394], [72.8649, 18.8043], [72.8075, 18.8958], [72.8223, 18.9431], [72.7876, 18.9395], [72.8271, 19.112], [72.8067, 19.1374], [72.7836, 19.1252], [72.8001, 19.3303], [72.7552, 19.3784], [72.7487, 19.4859], [72.7096, 19.5531], [72.7212, 19.6165], [72.6949, 19.6569], [72.7139, 19.6934], [72.6761, 19.714], [72.6698, 19.7593], [72.7227, 19.8191], [72.659, 19.8087], [72.6429, 19.8512], [72.6728, 19.8733], [72.6504, 19.9424], [72.6843, 19.9604], [72.7239, 19.9515], [72.7537, 19.8824], [72.7735, 19.899], [72.76, 19.9815], [72.7195, 19.979], [72.7042, 20.081], [72.7375, 20.1902], [72.7691, 20.2108], [72.7384, 20.235], [72.7598, 20.3347], [72.8248, 20.414], [72.8858, 20.5715], [72.7829, 20.8998], [72.7831, 20.9313], [72.8458, 20.9475], [72.807, 20.9535], [72.7709, 20.9177], [72.7561, 20.9306], [72.722, 21.04], [72.7551, 21.0519], [72.6939, 21.0651], [72.7207, 21.1432], [72.6671, 21.1554], [72.659, 21.0879], [72.6324, 21.0815], [72.6185, 21.2226], [72.6532, 21.2268], [72.6096, 21.2299], [72.6049, 21.2774], [72.5874, 21.2757], [72.5957, 21.316], [72.6493, 21.3674], [72.6232, 21.3651], [72.6254, 21.3815], [72.6968, 21.4646], [72.6451, 21.4338], [72.674, 21.5204], [72.7424, 21.5501], [72.6447, 21.5247], [72.6079, 21.5832], [72.6293, 21.6177], [72.701, 21.6518], [72.7874, 21.6451], [72.8351, 21.6679], [72.7799, 21.6632], [72.7363, 21.6896], [72.5376, 21.6643], [72.5179, 21.7146], [72.6167, 21.8681], [72.6287, 21.9091], [72.6084, 21.9324], [72.6368, 21.9542], [72.5885, 21.9229], [72.5795, 21.8844], [72.5184, 21.8783], [72.5049, 21.981], [72.5476, 22.1507], [72.5915, 22.2079], [72.6474, 22.2171], [72.754, 22.1732], [72.8087, 22.246], [72.8779, 22.2238], [72.9104, 22.2432], [72.916, 22.2782], [72.8893, 22.244], [72.8651, 22.2435], [72.8437, 22.2824], [72.7521, 22.231], [72.6879, 22.2385], [72.6354, 22.2846], [72.5413, 22.2432], [72.5426, 22.281], [72.486, 22.1974], [72.4929, 22.2482], [72.4707, 22.2388], [72.4351, 22.3013], [72.3887, 22.3104], [72.4124, 22.3585], [72.3938, 22.3826], [72.3624, 22.3763], [72.404, 22.3532], [72.3724, 22.3165], [72.414, 22.2971], [72.4165, 22.2274], [72.3996, 22.1993], [72.3562, 22.2712], [72.3621, 22.2051], [72.3915, 22.1679], [72.376, 22.1499], [72.3576, 22.1929], [72.3435, 22.1249], [72.2943, 22.2024], [72.3238, 22.1301], [72.271, 21.9676], [72.2785, 21.9321], [72.2415, 22.0496], [72.2979, 22.0635], [72.3001, 22.1088], [72.2774, 22.0907], [72.2654, 22.1054], [72.2782, 22.0804], [72.2332, 22.0538], [72.2326, 22.0176], [72.186, 22.0196], [72.1724, 22.0415], [72.2004, 22.0043], [72.231, 22.0076], [72.221, 21.9563], [72.1907, 21.9424], [72.1465, 21.9835], [72.1471, 21.9549], [72.2201, 21.9479], [72.2532, 21.8974], [72.266, 21.7418], [72.2457, 21.7924], [72.1829, 21.8238], [72.2412, 21.7874], [72.306, 21.6285], [72.2351, 21.4565], [72.109, 21.2829], [72.0929, 21.2874], [72.0813, 21.2485], [72.1137, 21.1965], [72.0082, 21.1326], [71.8021, 21.0629], [71.8068, 21.0379], [71.5149, 20.9482], [71.516, 20.9224], [71.4382, 20.8687], [71.3779, 20.874], [71.3846, 20.8571], [71.0654, 20.7338], [70.9868, 20.7221], [70.9913, 20.746], [70.922, 20.7444], [70.8749, 20.7268], [70.8529, 20.754], [70.874, 20.7049], [70.8224, 20.691], [70.439, 20.8526], [70.0996, 21.1046], [69.7793, 21.4551], [69.8049, 21.464], [69.7751, 21.4599], [69.6137, 21.6276], [69.591, 21.6385], [69.5876, 21.621], [69.2168, 21.9582], [68.9574, 22.2377], [68.9363, 22.3076], [68.9846, 22.4143], [69.0674, 22.4801], [69.0854, 22.4724], [69.0437, 22.4326], [69.0693, 22.3957], [69.194, 22.4237], [69.2043, 22.4018], [69.1579, 22.3129], [69.2326, 22.2579], [69.3199, 22.2913], [69.3343, 22.3304], [69.4193, 22.3157], [69.4885, 22.3379], [69.5238, 22.3857], [69.4982, 22.4357], [69.5507, 22.4049], [69.5618, 22.3557], [69.5912, 22.361], [69.5757, 22.319], [69.5818, 22.3463], [69.609, 22.3493], [69.6068, 22.3257], [69.6179, 22.3685], [69.6546, 22.359], [69.664, 22.3938], [69.6993, 22.396], [69.6979, 22.4429], [69.6718, 22.4507], [69.7035, 22.4471], [69.7282, 22.4738], [69.7446, 22.4307], [69.7596, 22.4415], [69.7976, 22.3999], [69.8346, 22.4754], [69.8604, 22.4468], [69.914, 22.4563], [69.9132, 22.4896], [69.9382, 22.5138], [69.9574, 22.4954], [69.946, 22.5285], [69.9763, 22.5432], [70.0235, 22.5396], [70.039, 22.5629], [70.1629, 22.5515], [70.2429, 22.6626], [70.2529, 22.7335], [70.3032, 22.7576], [70.4935, 23.0751], [70.4013, 23.0307], [70.3868, 22.9482], [70.3476, 22.9304], [70.1994, 22.993], [70.2251, 22.9601], [70.1618, 22.9426], [70.1199, 22.9646], [70.1413, 23.0126], [70.1121, 22.9715], [70.1265, 22.9465], [70.091, 22.9526], [70.139, 22.9413], [70.1321, 22.9246], [69.8016, 22.8506], [69.7524, 22.8196], [69.7051, 22.7279], [69.6624, 22.7568], [69.6668, 22.7774], [69.6593, 22.7565], [69.6432, 22.7657], [69.6338, 22.7954], [69.6413, 22.7665], [69.6159, 22.7572], [69.5551, 22.7924], [69.446, 22.7776], [69.3557, 22.8288], [69.1907, 22.8412], [68.6529, 23.1546], [68.5846, 23.2329], [68.6307, 23.2132], [68.6038, 23.2429], [68.6718, 23.2701], [68.6407, 23.2665], [68.6296, 23.2951], [68.6948, 23.3099], [68.6588, 23.3035], [68.6679, 23.3254], [68.6524, 23.3029], [68.606, 23.381], [68.6024, 23.3593], [68.5585, 23.3871], [68.5604, 23.4193], [68.5357, 23.4213], [68.516, 23.4754], [68.5232, 23.4465], [68.5024, 23.4654], [68.5024, 23.4918], [68.519, 23.489], [68.4921, 23.5004], [68.484, 23.5482], [68.4968, 23.6529], [68.539, 23.6624], [68.5201, 23.6546], [68.5246, 23.6904], [68.6326, 23.7579], [68.6663, 23.8085], [68.7426, 23.8371], [68.7232, 23.831], [68.7251, 23.8479], [68.7613, 23.8749], [68.6374, 23.836], [68.6038, 23.8501], [68.5335, 23.756], [68.5154, 23.7854], [68.5374, 23.8151], [68.526, 23.8021], [68.5149, 23.824], [68.5729, 23.881], [68.6632, 23.9174], [68.6199, 23.9065], [68.596, 23.9418], [68.5587, 23.924], [68.545, 23.9673], [68.7526, 23.9674], [68.7617, 24.2921], [68.8058, 24.3128], [68.8275, 24.3168], [68.8679, 24.2119], [68.9432, 24.3021], [69.0052, 24.2232], [69.092, 24.2723], [69.1928, 24.2379], [69.3086, 24.2807], [69.4844, 24.2678], [69.5879, 24.2913], [69.7301, 24.1718], [70.0165, 24.1699], [70.0656, 24.1981], [70.1093, 24.2946], [70.5736, 24.4217], [70.6, 24.4082], [70.5599, 24.3524], [70.5761, 24.2522], [70.7112, 24.2169], [70.879, 24.2464], [70.9072, 24.2633], [70.874, 24.2973], [70.949, 24.3525], [71.0368, 24.3533], [71.115, 24.3986], [71.109, 24.4368], [70.9973, 24.4484], [71.0053, 24.5289], [70.9882, 24.5476], [71.0107, 24.6367], [71.0978, 24.6866], [70.9363, 24.9413], [70.8855, 25.1512], [70.6653, 25.3976], [70.6795, 25.5257], [70.658, 25.7058], [70.6089, 25.7154], [70.3907, 25.6736], [70.2761, 25.7093], [70.0993, 25.9355], [70.0864, 26.0879], [70.174, 26.242], [70.1733, 26.5511], [70.0643, 26.6002], [69.8794, 26.5806], [69.8044, 26.5976], [69.5056, 26.753], [69.4844, 26.808], [69.5142, 27.0096], [69.5841, 27.1733], [70.0246, 27.5613], [70.1347, 27.807], [70.3743, 28.012], [70.4967, 28.0366], [70.5925, 28.0096], [70.677, 27.9239], [70.6874, 27.8282], [70.7446, 27.7431], [70.8825, 27.7082], [71.2726, 27.8502], [71.6589, 27.8756], [71.8987, 27.9632], [71.935, 28.1327], [72.2052, 28.3904], [72.3021, 28.6734], [72.3889, 28.7688], [72.7164, 28.9389], [72.9474, 29.0304], [72.9988, 29.1427], [73.0957, 29.2521], [73.2787, 29.5597], [73.3997, 29.9407], [73.7963, 30.0681], [73.9675, 30.1872], [73.9676, 30.2632], [73.8854, 30.3626], [73.9721, 30.4335], [73.9306, 30.439], [73.9352, 30.4894], [73.9594, 30.4594], [73.9887, 30.5104], [74.0204, 30.5133], [74.0127, 30.532], [74.078, 30.5271], [74.1016, 30.6143], [74.1201, 30.6074], [74.129, 30.6336], [74.1993, 30.6686], [74.233, 30.7232], [74.287, 30.7353], [74.2636, 30.7721], [74.3085, 30.7839], [74.2969, 30.8008], [74.3275, 30.8488], [74.3846, 30.8627], [74.3723, 30.8949], [74.4268, 30.9122], [74.4134, 30.9265], [74.4597, 30.9697], [74.5067, 30.9664], [74.5484, 30.993], [74.5656, 31.0542], [74.606, 31.0413], [74.6953, 31.0727], [74.6888, 31.1317], [74.6072, 31.1358], [74.6086, 31.0917], [74.5779, 31.0852], [74.5167, 31.1396], [74.5235, 31.2736], [74.5446, 31.3043], [74.5304, 31.3163], [74.6025, 31.4227], [74.652, 31.4173], [74.655, 31.4627], [74.6394, 31.4879], [74.5791, 31.5023], [74.6168, 31.5355], [74.619, 31.5705], [74.5578, 31.6116], [74.5361, 31.6809], [74.486, 31.7224], [74.5652, 31.755], [74.5693, 31.8296], [74.6128, 31.887], [74.7599, 31.9534], [74.8232, 31.9566], [74.8765, 32.0465], [74.9286, 32.0665], [75.0134, 32.035], [75.1308, 32.0836], [75.179, 32.0687], [75.21, 32.1173], [75.2397, 32.0909], [75.2655, 32.1002], [75.3277, 32.2141], [75.3782, 32.2351], [75.3821, 32.2693], [75.3274, 32.2973], [75.3396, 32.3424], [75.3054, 32.3378], [75.255, 32.385], [75.1996, 32.3912], [75.1897, 32.4199], [75.1324, 32.4027], [75.106, 32.474], [75.0306, 32.4929], [75.0046, 32.4523], [74.9504, 32.4405], [74.8765, 32.4825], [74.6852, 32.482], [74.6885, 32.525], [74.6348, 32.6026], [74.6927, 32.6548], [74.6504, 32.6983], [74.7014, 32.8351], [74.636, 32.8135], [74.6539, 32.7813], [74.6311, 32.7469], [74.557, 32.7571], [74.5094, 32.7387], [74.4545, 32.7844], [74.3708, 32.759], [74.3092, 32.7925], [74.3018, 32.8233], [74.2174, 32.8453], [74.1782, 32.883], [73.9883, 32.9357], [73.9973, 32.9602], [73.9583, 32.987], [73.8296, 33.0074], [73.7865, 32.9657], [73.7887, 32.9985], [73.7353, 33.0667], [73.6279, 33.0899], [73.6577, 33.2081], [73.6056, 33.2517], [73.5908, 33.3369], [73.5585, 33.3684], [73.5879, 33.4435], [73.6249, 33.4576], [73.5966, 33.5005], [73.6331, 33.5335], [73.6038, 33.6076], [73.5614, 33.6215], [73.5632, 33.6759], [73.5976, 33.7162], [73.5584, 33.7836], [73.5899, 33.8843], [73.5165, 34.0005], [73.4786, 34.2906], [73.4538, 34.2783], [73.4251, 34.3535], [73.3913, 34.3772], [73.4202, 34.4178], [73.4478, 34.5742], [73.5574, 34.5934], [73.6509, 34.5683], [73.6962, 34.6541], [73.6675, 34.6847], [73.7501, 34.7872], [73.9182, 34.8145], [73.9744, 34.8653], [74.0304, 34.8776], [74.074, 34.94], [74.0605, 34.9936], [74.1082, 35.0195], [74.0664, 35.0485], [74.0933, 35.0965], [74.1347, 35.1099], [74.1142, 35.1519], [74.0391, 35.1475], [73.9998, 35.1844], [73.9592, 35.1744], [73.9173, 35.2122], [73.8652, 35.2108], [73.8116, 35.2425], [73.7164, 35.226], [73.7271, 35.2783], [73.7004, 35.3584], [73.7389, 35.4279], [73.7951, 35.4602], [73.7849, 35.5257], [73.6355, 35.5718], [73.4068, 35.564], [73.3674, 35.6055], [73.2727, 35.6298], [73.1363, 35.7192], [73.1542, 35.8417], [73.1004, 35.8782], [72.9294, 35.8455], [72.9016, 35.8817], [72.8302, 35.8874], [72.7773, 35.844], [72.7375, 35.8588], [72.6911, 35.8329], [72.5337, 35.9174], [72.5311, 35.9529], [72.596, 36.0273], [72.5311, 36.0747], [72.5738, 36.151], [72.5515, 36.1812], [72.5605, 36.2124], [72.5952, 36.2622], [72.6367, 36.2765], [72.694, 36.2501], [72.6924, 36.2757], [72.8833, 36.3873], [72.8795, 36.4433], [72.9921, 36.4581], [72.996, 36.5149], [73.0615, 36.5377], [73.1125, 36.6101], [73.0854, 36.6997], [73.1265, 36.6866], [73.1894, 36.7218], [73.215, 36.7], [73.3147, 36.7064], [73.4416, 36.7451], [73.5439, 36.7094], [73.6002, 36.7203], [73.6332, 36.6901], [73.7006, 36.6849], [73.7251, 36.71], [73.8091, 36.7167], [73.8841, 36.6993], [73.9001, 36.7497], [73.8636, 36.7882], [73.7239, 36.8344], [73.6814, 36.8856], [73.6936, 36.9136], [73.8788, 36.8944], [74.0558, 36.8064], [74.0927, 36.8386], [74.1427, 36.8401], [74.1691, 36.9025], [74.2614, 36.8866], [74.4299, 36.99], [74.5322, 36.9868], [74.5787, 36.9486], [74.5818, 37.0434], [74.6939, 37.0778], [74.75, 37.0117], [74.8401, 37.0223], [74.9222, 36.9061], [75.0187, 36.9764], [75.096, 36.9428], [75.1511, 36.9671], [75.209, 37.0368], [75.3329, 37.0553], [75.3547, 36.9778], [75.4259, 36.9558], [75.4142, 36.8919], [75.444, 36.8872], [75.4742, 36.8108], [75.6165, 36.7616], [75.7694, 36.5733], [75.9234, 36.5024], [76.0773, 36.4743], [76.2548, 36.3478], [76.3524, 36.3599], [76.432, 36.3082], [76.45, 36.2694], [76.4332, 36.2512], [76.563, 36.1731], [76.6444, 36.184], [76.7196, 36.0832], [76.8019, 36.0479], [76.8078, 36.0187], [76.7697, 36.0094], [76.7228, 35.9534], [76.8118, 35.8448], [76.9352, 35.7841], [77.0207, 35.7746], [77.1157, 35.7978], [77.1642, 35.7667], [77.1673, 35.7346], [77.2282, 35.7125], [77.2775, 35.7204], [77.3152, 35.6991], [77.3584, 35.7177], [77.431, 35.6546], [77.4271, 35.6105], [77.4866, 35.532], [77.4353, 35.5174], [77.3784, 35.5503], [77.3222, 35.5368], [77.3819, 35.4765], [77.4448, 35.4613], [77.5125, 35.4886], [77.723, 35.4755], [77.7336, 35.5245], [77.7728, 35.4954], [77.8185, 35.5129], [77.9013, 35.4681], [77.922, 35.4945], [77.9825, 35.4559], [77.9312, 35.5158], [77.9668, 35.5716], [77.9525, 35.607], [78.1373, 35.5389], [78.1567, 35.552], [78.1622, 35.6294], [78.1861, 35.624], [78.1997, 35.6692], [78.2551, 35.6456], [78.2733, 35.722], [78.3861, 35.7355], [78.4232, 35.7853], [78.5213, 35.7638], [78.665, 35.8574], [78.8238, 35.8558], [78.9605, 35.8926], [79.0216, 35.8487], [79.1325, 35.8362], [79.194, 35.8869], [79.1898, 35.9472], [79.2155, 35.9788], [79.3781, 35.9953], [79.4221, 35.8965], [79.5184, 35.8835], [79.7375, 35.802], [79.8711, 35.783], [79.93, 35.8274], [79.9992, 35.8378], [80.1081, 35.6809], [80.2915, 35.6074], [80.328, 35.4697], [80.2811, 35.4409], [80.2709, 35.3442], [80.1835, 35.1667], [80.1748, 35.0023], [80.0731, 34.8284], [80.069, 34.7148], [79.9446, 34.6811], [79.8607, 34.6888], [79.7759, 34.6276], [79.793, 34.5896], [79.7585, 34.5547], [79.8103, 34.5313], [79.794, 34.4851], [79.662, 34.4797], [79.5933, 34.5008], [79.5085, 34.4743], [79.5281, 34.418], [79.5612, 34.41], [79.5857, 34.2444], [79.5445, 34.2073], [79.5072, 34.2058], [79.4947, 34.1359], [79.4203, 34.0781], [79.4266, 34.0174], [79.1981, 34.0512], [79.1712, 34.0729], [79.1126, 34.0197], [79.0224, 34.0509], [78.952, 34.0289], [78.9057, 33.9762], [79.0168, 33.7787], [79.0603, 33.7803], [79.0685, 33.7564], [79.0205, 33.7057], [79.054, 33.6781], [79.0912, 33.687], [79.1071, 33.6169], [78.9899, 33.6112], [78.9167, 33.6323], [78.9537, 33.3811], [78.99, 33.3329], [79.0973, 33.2946], [79.2406, 33.2978], [79.4534, 33.2604], [79.4467, 33.2058], [79.3774, 33.0847], [79.3938, 33.0362], [79.332, 33.0121], [79.4223, 32.9615], [79.6269, 32.7375], [79.4481, 32.5325], [79.4068, 32.5297], [79.3945, 32.5723], [79.3207, 32.5927], [79.2378, 32.5059], [79.1374, 32.4769], [79.1443, 32.4227], [79.1151, 32.3842], [79.0337, 32.3859], [78.9854, 32.338], [78.8589, 32.4406], [78.8272, 32.4387], [78.7768, 32.5584], [78.7971, 32.5984], [78.7627, 32.6551], [78.7691, 32.6971], [78.7231, 32.6612], [78.6623, 32.654], [78.6209, 32.5967], [78.5734, 32.6176], [78.4598, 32.58], [78.4, 32.526], [78.4626, 32.4942], [78.4556, 32.4526], [78.5362, 32.4146], [78.4813, 32.3483], [78.4833, 32.28], [78.4562, 32.2424], [78.5565, 32.2459], [78.61, 32.2145], [78.5912, 32.1544], [78.6142, 32.1178], [78.6647, 32.1028], [78.7481, 32.0032], [78.7878, 31.9953], [78.7076, 31.7887], [78.7409, 31.7592], [78.7275, 31.7366], [78.7505, 31.6873], [78.7958, 31.6851], [78.8471, 31.6104], [78.7224, 31.5135], [78.7323, 31.48], [78.7647, 31.4857], [78.8112, 31.4478], [78.792, 31.3963], [78.8498, 31.3675], [78.8445, 31.3252], [78.895, 31.2656], [78.9295, 31.2565], [78.9409, 31.3267], [79.0053, 31.3567], [79.0637, 31.4654], [79.1447, 31.4337], [79.2637, 31.2914], [79.2494, 31.2488], [79.2883, 31.2255], [79.315, 31.1439], [79.3972, 31.113], [79.4283, 31.0321], [79.5165, 31.0337], [79.5481, 30.9677], [79.6047, 30.9374], [79.7534, 31.0006], [79.8673, 30.9747], [79.9302, 30.8867], [80.0592, 30.8384], [80.1182, 30.7741], [80.1723, 30.8072], [80.2055, 30.7582], [80.2389, 30.7585], [80.2523, 30.7321], [80.2347, 30.6916], [80.1954, 30.6642], [80.2238, 30.6394], [80.2304, 30.5734], [80.4152, 30.5255], [80.5411, 30.4487], [80.5988, 30.4816], [80.752, 30.3925], [80.8257, 30.3144], [81.034, 30.2474], [81.043, 30.1985], [80.9367, 30.1766], [80.9028, 30.216], [80.8679, 30.1719], [80.8748, 30.1305], [80.7693, 30.0553], [80.7443, 30.0021], [80.6816, 29.9606], [80.6003, 29.9536], [80.5609, 29.8623], [80.4965, 29.7961], [80.4381, 29.8053], [80.374, 29.7489], [80.4238, 29.6407], [80.4138, 29.5978], [80.3027, 29.4859], [80.3029, 29.4504], [80.2463, 29.4407], [80.2854, 29.3437], [80.3166, 29.3225], [80.3023, 29.1984], [80.2541, 29.2192], [80.2736, 29.1444], [80.2403, 29.1188], [80.1853, 29.1319], [80.1489, 29.0997], [80.1408, 29.0063], [80.0666, 28.9187], [80.0703, 28.8292], [80.1334, 28.8221], [80.2107, 28.7599], [80.2622, 28.7534], [80.2622, 28.7247], [80.3229, 28.6965], [80.3693, 28.6352], [80.4384, 28.6374], [80.5149, 28.56], [80.5331, 28.5686], [80.5087, 28.6658], [80.566, 28.6895], [80.591, 28.6793], [80.5941, 28.6461], [80.6689, 28.6398], [80.7027, 28.5754], [80.7714, 28.5653], [80.7871, 28.5245], [80.9086, 28.495], [80.9057, 28.459], [80.9423, 28.4662], [80.9393, 28.451], [80.9784, 28.4509], [80.9722, 28.4346], [81.0139, 28.448], [81.0398, 28.4298], [81.0223, 28.4132], [81.0371, 28.4002], [81.2149, 28.3579], [81.2404, 28.2809], [81.3204, 28.2018], [81.3196, 28.1354], [81.3795, 28.1453], [81.3813, 28.1731], [81.4292, 28.171], [81.4842, 28.114], [81.4819, 28.0812], [81.7003, 27.9888], [81.8906, 27.8576], [81.9282, 27.8587], [81.9713, 27.9295], [82.0738, 27.924], [82.126, 27.8657], [82.2072, 27.8457], [82.4586, 27.6762], [82.7138, 27.7283], [82.7161, 27.6621], [82.755, 27.5833], [82.7417, 27.5008], [82.9257, 27.5005], [83.023, 27.4526], [83.1842, 27.4529], [83.3118, 27.3292], [83.3911, 27.3727], [83.4021, 27.478], [83.6136, 27.4689], [83.8666, 27.3449], [83.8863, 27.376], [83.8371, 27.4219], [83.8509, 27.446], [84.0299, 27.4362], [84.1064, 27.5191], [84.1542, 27.5186], [84.1552, 27.4866], [84.2111, 27.4675], [84.2185, 27.4396], [84.2551, 27.4497], [84.2942, 27.3846], [84.6262, 27.3365], [84.6914, 27.2233], [84.6783, 27.1026], [84.6462, 27.0467], [84.7632, 27.0002], [84.829, 27.0208], [84.9616, 26.9628], [84.9715, 26.9202], [85.0588, 26.8846], [85.0341, 26.8531], [85.1956, 26.869], [85.1801, 26.8093], [85.2134, 26.7584], [85.3368, 26.7414], [85.4094, 26.7909], [85.4587, 26.7821], [85.5763, 26.8596], [85.6372, 26.8723], [85.7264, 26.8167], [85.7373, 26.6504], [85.8182, 26.6032], [85.8521, 26.6083], [85.8525, 26.5684], [85.9445, 26.6156], [85.9601, 26.6519], [86.0302, 26.6664], [86.1394, 26.6286], [86.1412, 26.6045], [86.1945, 26.6146], [86.2217, 26.5898], [86.2565, 26.6133], [86.3456, 26.6165], [86.5383, 26.5413], [86.573, 26.4979], [86.7351, 26.4244], [86.7728, 26.4583], [86.8429, 26.4399], [86.8968, 26.4616], [86.8964, 26.4867], [87.016, 26.5337], [87.0457, 26.5872], [87.0724, 26.5865], [87.0925, 26.4521], [87.1575, 26.4057], [87.2619, 26.4105], [87.2668, 26.3737], [87.3412, 26.3483], [87.3702, 26.4074], [87.4629, 26.4397], [87.6094, 26.381], [87.6528, 26.3928], [87.6791, 26.4355], [87.7666, 26.409], [87.7892, 26.4678], [87.8505, 26.4356], [87.8914, 26.4861], [87.9294, 26.4185], [87.9933, 26.3931], [88.02, 26.3528], [88.0984, 26.4345], [88.1066, 26.5553], [88.1326, 26.574], [88.1889, 26.7293], [88.1765, 26.861], [88.1235, 26.9474], [88.1349, 26.9857], [88.0845, 27.0356], [88.0458, 27.0382], [87.9914, 27.1116], [88.065, 27.3379], [88.0442, 27.3827], [88.0708, 27.443], [88.0474, 27.4933], [88.1988, 27.7881], [88.1768, 27.8192], [88.2024, 27.8503], [88.134, 27.8731], [88.1222, 27.9171], [88.1435, 27.9625], [88.1973, 27.9432], [88.2185, 27.9673], [88.2525, 27.9481], [88.3464, 27.9876], [88.3984, 27.9777], [88.4917, 28.0452], [88.5475, 28.0386], [88.563, 28.0845], [88.6251, 28.1034], [88.6299, 28.1307], [88.6753, 28.0738], [88.7595, 28.0731], [88.8412, 28.0113], [88.8444, 27.9318], [88.8693, 27.9232], [88.8936, 27.8588], [88.8622, 27.8163], [88.8543, 27.6687], [88.7747, 27.5647], [88.8167, 27.405], [88.9295, 27.3261], [88.9063, 27.2748], [88.8082, 27.2474], [88.758, 27.1427], [88.8768, 27.1085], [88.8816, 26.9514], [88.9257, 26.996], [88.9603, 26.9681], [88.9464, 26.9423], [88.9689, 26.924], [89.0314, 26.9401], [89.0529, 26.9035], [89.0967, 26.8939], [89.1373, 26.808], [89.2617, 26.8168], [89.3832, 26.8662], [89.397, 26.8409], [89.4552, 26.8338], [89.4652, 26.8062], [89.5647, 26.8155], [89.6504, 26.7809], [89.6602, 26.7634], [89.6199, 26.7255], [89.7622, 26.7364], [89.7814, 26.699], [89.8604, 26.7027], [89.8679, 26.7369], [89.9632, 26.723], [90.1331, 26.7489], [90.1939, 26.7704], [90.1893, 26.8095], [90.2201, 26.8535], [90.3067, 26.848], [90.3603, 26.8959], [90.4149, 26.9017], [90.5648, 26.8007], [90.717, 26.7672], [91.0583, 26.7789], [91.1009, 26.8193], [91.3403, 26.779], [91.4124, 26.8348], [91.4966, 26.789], [91.6276, 26.8205], [91.6909, 26.8042], [91.8056, 26.8511], [91.8571, 26.9113], [91.8871, 26.9152], [91.989, 26.8571], [92.0586, 26.8468], [92.1008, 26.8674], [92.1209, 26.959], [92.1069, 27.0066], [92.0375, 27.0637], [92.0273, 27.1613], [92.0736, 27.2226], [92.0437, 27.2657], [92.1247, 27.2866], [92.063, 27.3263], [92.0232, 27.4789], [91.9439, 27.4598], [91.8677, 27.4813], [91.7248, 27.4697], [91.6949, 27.5021], [91.6523, 27.4841], [91.5719, 27.5745], [91.5629, 27.633], [91.629, 27.7055], [91.6449, 27.7648], [91.6336, 27.8004], [91.571, 27.815], [91.5495, 27.8552], [91.6675, 27.8579], [91.715, 27.8129], [91.8295, 27.8099], [91.8656, 27.7364], [91.9238, 27.7145], [91.9889, 27.7694], [92.0603, 27.7585], [92.2154, 27.8583], [92.2689, 27.8572], [92.3207, 27.7774], [92.4115, 27.8213], [92.4596, 27.8024], [92.506, 27.8406], [92.5653, 27.8201], [92.6097, 27.8766], [92.6738, 27.8992], [92.7442, 27.9885], [92.6679, 28.062], [92.692, 28.1251], [92.8047, 28.2015], [92.833, 28.1707], [92.9696, 28.261], [93.0053, 28.2299], [93.0388, 28.2623], [93.027, 28.2991], [93.224, 28.3328], [93.2366, 28.3999], [93.1879, 28.4392], [93.2812, 28.5041], [93.3053, 28.5989], [93.3425, 28.6396], [93.4512, 28.6754], [93.4796, 28.653], [93.4966, 28.6833], [93.5392, 28.6581], [93.7369, 28.6884], [93.7804, 28.6676], [93.8492, 28.7065], [93.9312, 28.6707], [94.0067, 28.7746], [94.0003, 28.8405], [94.1607, 28.954], [94.2205, 29.0835], [94.2936, 29.1476], [94.3628, 29.152], [94.3782, 29.1897], [94.4371, 29.2263], [94.5638, 29.2283], [94.6343, 29.3482], [94.7831, 29.2403], [94.8035, 29.1636], [94.8773, 29.1832], [95.028, 29.1292], [95.0028, 29.1718], [95.1035, 29.1424], [95.1268, 29.1147], [95.2557, 29.1082], [95.2723, 29.0477], [95.3075, 29.061], [95.452, 29.0338], [95.4905, 29.0741], [95.5011, 29.1383], [95.5515, 29.1266], [95.5426, 29.2121], [95.5907, 29.2161], [95.6037, 29.26], [95.643, 29.2479], [95.7827, 29.3546], [95.8015, 29.3344], [95.8859, 29.3896], [95.9621, 29.3807], [96.0923, 29.4596], [96.18, 29.3621], [96.1877, 29.3067], [96.2479, 29.2322], [96.2973, 29.2328], [96.3675, 29.2827], [96.3971, 29.2534], [96.3504, 29.1678], [96.2643, 29.157], [96.1896, 29.0914], [96.1185, 29.0745], [96.1886, 28.9846], [96.1489, 28.9339], [96.17, 28.9022], [96.2518, 28.9391], [96.3504, 29.0286], [96.4394, 29.0338], [96.5288, 29.0754], [96.4808, 28.99], [96.4909, 28.9612], [96.5222, 28.9668], [96.5406, 28.8797], [96.6188, 28.7736], [96.5886, 28.7166], [96.4754, 28.6833], [96.4966, 28.6331], [96.4305, 28.5821], [96.4034, 28.5893], [96.409, 28.5589], [96.3281, 28.529], [96.3752, 28.4818], [96.2659, 28.4082], [96.3219, 28.3808], [96.373, 28.3888], [96.4013, 28.3388], [96.4603, 28.4136], [96.5122, 28.4126], [96.5816, 28.4573], [96.6665, 28.4598], [96.7528, 28.4154], [96.776, 28.3676], [96.9001, 28.3792], [96.9273, 28.3381], [96.9977, 28.3091], [97.0938, 28.3624], [97.1749, 28.2914], [97.2829, 28.2682], [97.4011, 28.1919], [97.3313, 28.1545], [97.3394, 28.1109], [97.3081, 28.0684], [97.3738, 28.0613], [97.3773, 28.0301], [97.4153, 28.0149], [97.3781, 27.977], [97.3889, 27.8869], [97.3211, 27.8802], [97.3087, 27.9208], [97.2565, 27.9005], [97.1024, 27.7845], [97.0963, 27.7409], [97.0285, 27.7403], [96.9907, 27.6621], [96.9486, 27.6626], [96.8973, 27.612], [96.9372, 27.5209], [96.9113, 27.4534], [97.1657, 27.1446], [97.1449, 27.0919], [97.0612, 27.1005], [96.9834, 27.1565], [96.8745, 27.1837], [96.8623, 27.2095], [96.889, 27.2271], [96.8841, 27.2583], [96.8017, 27.3452], [96.712, 27.3718], [96.6121, 27.3607], [96.5218, 27.2854], [96.4703, 27.3041], [96.2341, 27.277], [96.0362, 27.1885], [95.9358, 27.0454], [95.8767, 27.013], [95.8076, 27.0132], [95.7303, 26.8802], [95.673, 26.9031], [95.611, 26.8141], [95.5324, 26.8243], [95.4283, 26.6931], [95.3021, 26.6494], [95.2436, 26.6874], [95.1544, 26.6131], [95.1541, 26.5744], [95.0659, 26.444], [95.0864, 26.4456], [95.1041, 26.3947], [95.135, 26.3812], [95.1203, 26.2319], [95.1415, 26.2073], [95.1194, 26.1028], [95.1844, 26.0732], [95.1051, 25.961], [95.0205, 25.903], [95.051, 25.7554], [94.936, 25.662], [94.918, 25.6041], [94.8873, 25.5861], [94.9033, 25.5601], [94.8514, 25.5564], [94.8108, 25.4885], [94.6871, 25.4589], [94.6722, 25.4096], [94.6428, 25.3951], [94.5836, 25.2092], [94.7436, 25.1296], [94.74, 25.0182], [94.7009, 24.9713], [94.7168, 24.9354], [94.6355, 24.8354], [94.6084, 24.7152], [94.5486, 24.7098], [94.529, 24.6256], [94.4631, 24.569], [94.4271, 24.4868], [94.401, 24.4813], [94.4014, 24.4146], [94.3629, 24.3933], [94.3808, 24.3729], [94.3238, 24.3326], [94.3254, 24.2861], [94.2601, 24.1615], [94.257, 24.0833], [94.2304, 24.0607], [94.2426, 24.038], [94.1932, 23.9316], [94.168, 23.9291], [94.1587, 23.8468], [94.1199, 23.8368], [94.0934, 23.8877], [93.9513, 23.9448], [93.8137, 23.9248], [93.7548, 24.0046], [93.6187, 24.0097], [93.6015, 23.9651], [93.5616, 23.9852], [93.5068, 23.9446], [93.467, 23.9698], [93.423, 24.0676], [93.3453, 24.1091], [93.3328, 23.9831], [93.3969, 23.9263], [93.4033, 23.7576], [93.4426, 23.6783], [93.395, 23.4293], [93.412, 23.384], [93.3636, 23.3506], [93.3923, 23.2204], [93.3715, 23.1465], [93.3912, 23.1347], [93.2953, 23.0022], [93.2508, 23.003], [93.1922, 23.0569], [93.1308, 23.0443], [93.127, 22.9976], [93.166, 22.9159], [93.1365, 22.91], [93.097, 22.8074], [93.1103, 22.7412], [93.0931, 22.7081], [93.1431, 22.5831], [93.1092, 22.5289], [93.1311, 22.517], [93.1395, 22.4603], [93.1881, 22.4242], [93.2058, 22.258], [93.1437, 22.2383], [93.167, 22.1972], [93.1516, 22.1753], [93.0789, 22.2057], [93.044, 22.195], [93.0629, 22.0995], [93.0133, 22.103], [93.0066, 21.9816], [92.9532, 22.0277], [92.9083, 21.9442], [92.8653, 22.0633], [92.7157, 22.1509], [92.6971, 22.1467], [92.6913, 22.0757], [92.6816, 22.1038], [92.6821, 22.0164], [92.6101, 21.979], [92.6011, 22.062], [92.565, 22.1282], [92.5843, 22.1441], [92.6085, 22.1265], [92.6144, 22.1691], [92.5798, 22.2787], [92.5206, 22.7012], [92.4805, 22.7507], [92.4486, 22.8927], [92.3754, 22.9337], [92.3967, 23.055], [92.3666, 23.1052], [92.3574, 23.2342], [92.4055, 23.2425], [92.3731, 23.3285], [92.3854, 23.3601], [92.348, 23.4347], [92.3325, 23.4295], [92.3023, 23.6238], [92.2799, 23.6378], [92.2824, 23.715], [92.2492, 23.7179], [92.2244, 23.6529], [92.2084, 23.7049], [92.1546, 23.734], [92.0812, 23.6488], [92.0519, 23.6463], [92.0124, 23.6631], [91.9839, 23.7307], [91.9564, 23.728], [91.9404, 23.6643], [91.9787, 23.4822], [91.9468, 23.4707], [91.9425, 23.4357], [91.8926, 23.4335], [91.8429, 23.3973], [91.7778, 23.2764], [91.8353, 23.0958], [91.779, 23.0699], [91.7807, 23.0334], [91.7269, 22.9943], [91.6596, 22.9805], [91.6215, 22.9442], [91.5459, 22.9977], [91.5178, 23.1442], [91.494, 23.1559], [91.5075, 23.1864], [91.4773, 23.1938], [91.4571, 23.2583], [91.4162, 23.2822], [91.3845, 23.1952], [91.4216, 23.0715], [91.3707, 23.0749], [91.3279, 23.1644], [91.3291, 23.2529], [91.3029, 23.2928], [91.3179, 23.3086], [91.2945, 23.3203], [91.317, 23.36], [91.2997, 23.3505], [91.2497, 23.4897], [91.2081, 23.5135], [91.2133, 23.5501], [91.1632, 23.6014], [91.1615, 23.6635], [91.2031, 23.6455], [91.2076, 23.6822], [91.1578, 23.6894], [91.1548, 23.7293], [91.1674, 23.7487], [91.2276, 23.7453], [91.254, 23.8377], [91.2383, 23.9248], [91.2766, 23.9284], [91.2704, 23.9578], [91.3073, 23.9895], [91.3854, 23.9759], [91.4042, 24.0539], [91.3821, 24.1049], [91.6016, 24.0784], [91.6425, 24.1095], [91.6714, 24.2331], [91.6946, 24.1668], [91.7609, 24.1387], [91.7498, 24.2448], [91.8224, 24.2145], [91.848, 24.2252], [91.9074, 24.1369], [91.944, 24.2577], [91.9279, 24.3391], [91.9623, 24.358], [91.9986, 24.328], [91.9797, 24.3864], [92.0945, 24.3744], [92.1242, 24.3822], [92.1393, 24.4217], [92.1718, 24.4216], [92.1565, 24.5197], [92.2334, 24.5017], [92.2262, 24.68], [92.2661, 24.7124], [92.2831, 24.7872], [92.237, 24.861], [92.2436, 24.9039], [92.3077, 24.9162], [92.3961, 24.8551], [92.4978, 24.8679], [92.4887, 24.9423], [92.455, 24.9423], [92.4659, 24.9625], [92.4199, 24.9802], [92.4384, 25.0316], [92.3522, 25.0478], [92.3365, 25.0819], [92.3003, 25.0715], [92.2324, 25.0965], [92.2223, 25.1211], [92.179, 25.1227], [92.0652, 25.1873], [91.7497, 25.1711], [91.747, 25.148], [91.7078, 25.1562], [91.645, 25.1237], [91.604, 25.1464], [91.6059, 25.1731], [91.4805, 25.1345], [91.4169, 25.1719], [91.3414, 25.1731], [91.2676, 25.2062], [91.0845, 25.2014], [90.8723, 25.1591], [90.783, 25.1832], [90.735, 25.1541], [90.658, 25.1926], [90.6392, 25.1726], [90.4474, 25.1432], [90.3346, 25.1912], [90.1152, 25.2237], [89.9751, 25.3005], [89.8377, 25.2955], [89.8185, 25.3881], [89.8575, 25.4677], [89.8831, 25.6215], [89.8565, 25.7148], [89.8298, 25.7293], [89.8434, 25.761], [89.8188, 25.8171], [89.887, 25.942], [89.8312, 25.947], [89.8715, 25.9761], [89.8352, 26.0072], [89.8186, 25.989], [89.8131, 26.0383], [89.7923, 26.017], [89.8033, 26.0395], [89.7785, 26.0355], [89.7974, 26.0884], [89.7482, 26.1565], [89.6887, 26.168], [89.6774, 26.2023], [89.6961, 26.2218], [89.6465, 26.2286], [89.6519, 26.1956], [89.6348, 26.1922], [89.6564, 26.1694], [89.6249, 26.1817], [89.5974, 26.1608], [89.6083, 26.1209], [89.6307, 26.124], [89.5983, 26.1008], [89.6322, 26.1075], [89.6534, 26.0683], [89.6068, 26.066], [89.5815, 25.9681], [89.5483, 25.9707], [89.5416, 26.0079], [89.4773, 25.996], [89.4319, 26.0152], [89.4258, 26.0428], [89.393, 26.0089], [89.3577, 26.0112], [89.2628, 26.0662], [89.2684, 26.093], [89.2243, 26.1262], [89.1615, 26.1396], [89.1484, 26.2222], [89.1065, 26.2898], [89.1368, 26.3169], [89.0889, 26.322], [89.0913, 26.3996], [88.9811, 26.4071], [88.9881, 26.4438], [88.9677, 26.4589], [88.9153, 26.4046], [88.9211, 26.363], [88.9598, 26.3626], [88.9592, 26.3332], [88.9907, 26.3462], [88.9983, 26.2989], [89.0261, 26.309], [89.0508, 26.2809], [89.0575, 26.2958], [89.0502, 26.2411], [88.972, 26.2412], [88.907, 26.2881], [88.8705, 26.2756], [88.8852, 26.2369], [88.848, 26.233], [88.8009, 26.3089], [88.7565, 26.3101], [88.6757, 26.2653], [88.6736, 26.2917], [88.7058, 26.2902], [88.68, 26.3198], [88.7322, 26.3152], [88.7474, 26.3526], [88.7063, 26.3367], [88.7048, 26.3886], [88.6329, 26.4354], [88.6262, 26.4699], [88.5727, 26.458], [88.4837, 26.5418], [88.4371, 26.5473], [88.4241, 26.6223], [88.4027, 26.6246], [88.3424, 26.4732], [88.3601, 26.4475], [88.3682, 26.4849], [88.4872, 26.4599], [88.5279, 26.3573], [88.4882, 26.351], [88.4635, 26.3733], [88.4215, 26.3173], [88.3626, 26.2916], [88.3541, 26.2216], [88.1828, 26.1475], [88.1616, 26.1021], [88.1819, 26.0253], [88.144, 26.0129], [88.1262, 25.9431], [88.0954, 25.917], [88.1137, 25.7964], [88.1501, 25.7725], [88.2749, 25.806], [88.2716, 25.7786], [88.3214, 25.736], [88.3761, 25.7139], [88.4176, 25.6639], [88.4563, 25.6626], [88.4504, 25.6012], [88.4979, 25.5809], [88.5428, 25.5103], [88.6074, 25.5145], [88.7007, 25.4733], [88.7106, 25.4959], [88.7487, 25.4886], [88.7686, 25.4966], [88.7628, 25.521], [88.8019, 25.5225], [88.8362, 25.48], [88.8182, 25.4081], [88.8481, 25.3636], [88.8842, 25.3275], [89.0051, 25.3], [89.0125, 25.2672], [88.9582, 25.2502], [88.964, 25.2106], [88.9196, 25.1657], [88.8485, 25.2101], [88.809, 25.174], [88.6892, 25.2098], [88.6189, 25.2052], [88.5684, 25.1747], [88.4872, 25.2136], [88.4671, 25.1961], [88.4442, 25.2093], [88.4515, 25.0293], [88.3979, 24.944], [88.3469, 24.9401], [88.333, 24.8708], [88.2809, 24.893], [88.2662, 24.8782], [88.2307, 24.9558], [88.1424, 24.9303], [88.177, 24.8598], [88.1464, 24.8508], [88.14, 24.8023], [88.1278, 24.8266], [88.1082, 24.7808], [88.0718, 24.7705], [88.0684, 24.7221], [88.0137, 24.6645], [88.1332, 24.5168], [88.3432, 24.3778], [88.4459, 24.3764], [88.528, 24.342], [88.5556, 24.2983], [88.5791, 24.3248], [88.7038, 24.3113], [88.7395, 24.2746], [88.7489, 24.1403], [88.6986, 24.115], [88.7415, 24.0611], [88.731, 23.9962], [88.7625, 24.0098], [88.7748, 23.9865], [88.7388, 23.9799], [88.7353, 23.9147], [88.7059, 23.9147], [88.6625, 23.8699], [88.5799, 23.8616], [88.6056, 23.8187], [88.5632, 23.7861], [88.5827, 23.7673], [88.5655, 23.6442], [88.5962, 23.6387], [88.5846, 23.6029], [88.6486, 23.6102], [88.6628, 23.5548], [88.7464, 23.483], [88.802, 23.4971], [88.7944, 23.4436], [88.7687, 23.4451], [88.7609, 23.4213], [88.7657, 23.3641], [88.737, 23.35], [88.7495, 23.3122], [88.7008, 23.2989], [88.7238, 23.2552], [88.8, 23.2181], [88.8212, 23.2535], [88.856, 23.2271], [88.9166, 23.2325], [88.9223, 23.2108], [88.9978, 23.2148], [88.8727, 23.098], [88.8765, 23.0071], [88.85, 23.0077], [88.8711, 22.9924], [88.8646, 22.958], [88.8985, 22.9533], [88.9169, 22.9215], [88.9123, 22.8803], [88.949, 22.8803], [88.9705, 22.8454], [88.9614, 22.7972], [88.9221, 22.7647], [88.9622, 22.6938], [88.9317, 22.6408], [88.9575, 22.6102], [88.9376, 22.5699], [88.8689, 22.5458], [88.8428, 22.5079], [88.8653, 22.4875], [88.8527, 22.4329], [88.8245, 22.4361], [88.7717, 22.5134], [88.7664, 22.5608], [88.7684, 22.5134], [88.6907, 22.5244], [88.6783, 22.5936], [88.6722, 22.5494], [88.6915, 22.5224], [88.7775, 22.5069], [88.8025, 22.4434], [88.8483, 22.4306], [88.8461, 22.3883], [88.8763, 22.3553], [88.82, 22.3597], [88.8706, 22.3578], [88.9353, 22.3017], [88.9541, 22.2252], [88.9018, 22.2241], [88.8876, 22.2659], [88.8442, 22.2903], [88.8872, 22.2649], [88.9186, 22.1654], [88.8723, 22.1714], [88.8835, 22.2123], [88.841, 22.2143], [88.8758, 22.2528], [88.8394, 22.2155], [88.8827, 22.201], [88.8067, 22.209], [88.8296, 22.2537], [88.8118, 22.2847], [88.8258, 22.242], [88.7985, 22.226], [88.835, 22.1672], [88.7476, 22.1979], [88.79, 22.2594], [88.7336, 22.1956], [88.6395, 22.2131], [88.6849, 22.2943], [88.6906, 22.3267], [88.6661, 22.339], [88.6792, 22.2939], [88.6309, 22.2221], [88.6725, 22.2012], [88.6193, 22.1088], [88.5727, 22.1891], [88.6034, 22.1591], [88.6367, 22.0453], [88.6034, 22.0236], [88.596, 22.0656], [88.6144, 22.0197], [88.6067, 21.9131], [88.5781, 21.8897], [88.5864, 21.9281], [88.5725, 21.9072], [88.5503, 21.9214], [88.5436, 21.97], [88.5678, 21.9589], [88.5462, 21.9735], [88.5705, 21.9036], [88.5406, 21.9039], [88.5281, 21.8531], [88.4943, 21.8791], [88.5255, 21.9294], [88.4937, 21.9671], [88.5433, 21.982], [88.5546, 22.0357], [88.5414, 21.9817], [88.4916, 21.9669], [88.5207, 21.9154], [88.4736, 21.8953], [88.4529, 21.9395], [88.4702, 21.9589], [88.4459, 21.966], [88.4609, 22.0116], [88.4416, 21.9911], [88.4689, 21.958], [88.4585, 21.9188], [88.4092, 21.8856], [88.385, 21.8979], [88.4077, 21.9215], [88.3739, 21.9653], [88.3939, 21.9714], [88.3758, 21.9697], [88.4064, 21.9198], [88.3828, 21.9007], [88.3907, 21.799], [88.364, 21.7978], [88.3549, 21.8228], [88.3565, 21.9243], [88.3532, 21.8569], [88.3089, 21.8564], [88.3098, 21.8777], [88.262, 21.8587], [88.2664, 21.8836], [88.2589, 21.8588], [88.3138, 21.8466], [88.259, 21.8076], [88.2819, 21.7611], [88.2517, 21.8019], [88.2827, 21.7576], [88.2657, 21.73], [88.2739, 21.7546], [88.2172, 21.7644], [88.1633, 21.8794], [88.1772, 21.9261], [88.1537, 21.9592], [88.2239, 22.0753], [88.2031, 22.1669], [88.1656, 22.1989], [88.0697, 22.2119], [88.105, 22.3047], [88.0492, 22.22], [87.9849, 22.2457], [87.9587, 22.2847], [87.9464, 22.4061], [87.8834, 22.441], [87.9422, 22.3664], [87.94, 22.2603], [88.0086, 22.2014], [88.1356, 22.1847], [88.1889, 22.0992], [88.0622, 22.0131], [87.9919, 22.1025], [87.9594, 22.0997], [88.0081, 22.0736], [88.0522, 22.0075], [87.9722, 21.8403], [87.8145, 21.7009], [87.6801, 21.6359], [87.4687, 21.5979], [87.4101, 21.5449], [87.3459, 21.5802], [87.3966, 21.5322], [87.2047, 21.5305], [87.0702, 21.4621], [86.9515, 21.3578], [86.8432, 21.1569], [86.8752, 21.0437], [86.9792, 20.86], [86.9742, 20.7931], [86.88, 20.8082], [86.7944, 20.7452], [86.8219, 20.7314], [86.8632, 20.7739], [86.9851, 20.7722], [87.0066, 20.7131], [86.9032, 20.7096], [86.9689, 20.706], [86.9658, 20.6885], [87.0571, 20.7153], [86.7697, 20.5053], [86.7545, 20.5171], [86.7502, 20.4722], [86.7257, 20.4794], [86.7332, 20.4105], [86.712, 20.3954], [86.7271, 20.3773], [86.7387, 20.3963], [86.7462, 20.378], [86.7765, 20.3894], [86.7839, 20.3259], [86.5383, 20.18], [86.4072, 20.006], [86.3821, 20.0012], [86.3752, 19.9517], [86.2458, 19.9083], [86.2281, 19.9328], [86.2325, 19.8983], [86.2116, 19.888], [85.6964, 19.7513], [85.3368, 19.5752], [84.915, 19.2657], [84.7686, 19.08]]], [[[93.7198, 7.2071], [93.7191, 7.2067], [93.7184, 7.2069], [93.7177, 7.2071], [93.7198, 7.2071]]], [[[93.8486, 7.2405], [93.8468, 7.218], [93.8826, 7.2037], [93.8872, 7.0871], [93.948, 7.0023], [93.9137, 7.0002], [93.9456, 6.9562], [93.8969, 6.9032], [93.9028, 6.8147], [93.8821, 6.7947], [93.8518, 6.8152], [93.8284, 6.756], [93.8051, 6.7663], [93.816, 6.8172], [93.7874, 6.8308], [93.7816, 6.8918], [93.7428, 6.9239], [93.7468, 6.9619], [93.6941, 7.0155], [93.6635, 7.0055], [93.6578, 7.0988], [93.6748, 7.1136], [93.6561, 7.126], [93.6865, 7.1894], [93.7289, 7.1845], [93.7604, 7.2144], [93.8047, 7.2031], [93.8061, 7.2325], [93.8486, 7.2405]]], [[[93.8431, 7.2899], [93.8431, 7.289], [93.8427, 7.2885], [93.8423, 7.2881], [93.8431, 7.2899]]], [[[93.7702, 7.3945], [93.7694, 7.3942], [93.7685, 7.3945], [93.7674, 7.3946], [93.7702, 7.3945]]], [[[93.6899, 7.3962], [93.6893, 7.396], [93.6879, 7.3961], [93.6873, 7.3974], [93.6899, 7.3962]]], [[[93.7129, 7.4437], [93.757, 7.3579], [93.6472, 7.2439], [93.6212, 7.3093], [93.6329, 7.371], [93.7088, 7.3944], [93.7129, 7.4437]]], [[[93.6528, 7.4716], [93.6526, 7.4708], [93.6521, 7.4701], [93.6514, 7.4699], [93.6528, 7.4716]]], [[[93.6343, 7.4763], [93.634, 7.4759], [93.6328, 7.476], [93.6321, 7.4765], [93.6343, 7.4763]]], [[[93.5455, 7.5116], [93.5452, 7.5112], [93.5449, 7.5111], [93.5444, 7.511], [93.5455, 7.5116]]], [[[93.3826, 8.0229], [93.4091, 8.0064], [93.3975, 7.9679], [93.4629, 7.9344], [93.4616, 7.873], [93.4248, 7.9073], [93.3578, 7.8895], [93.3573, 7.9419], [93.3195, 7.9323], [93.3293, 8.0048], [93.3826, 8.0229]]], [[[93.5478, 8.0261], [93.5824, 7.9922], [93.5774, 7.9294], [93.5081, 7.9849], [93.5318, 8.025], [93.5513, 7.996], [93.5478, 8.0261]]], [[[93.5804, 8.1238], [93.5939, 8.0386], [93.5622, 8.1179], [93.5804, 8.1238]]], [[[93.526, 8.2317], [93.5452, 8.2006], [93.5032, 8.1479], [93.5478, 8.0889], [93.5498, 8.0361], [93.5083, 8.0342], [93.5015, 7.9979], [93.4858, 8.0445], [93.5088, 8.0374], [93.5308, 8.0792], [93.4855, 8.052], [93.4538, 8.1686], [93.526, 8.2317]]], [[[93.235, 8.2645], [93.2395, 8.2219], [93.2202, 8.2457], [93.235, 8.2645]]], [[[93.1273, 8.3556], [93.143, 8.3431], [93.1262, 8.276], [93.2032, 8.2168], [93.1997, 8.1957], [93.1208, 8.2241], [93.0872, 8.271], [93.0955, 8.3395], [93.1273, 8.3556]]], [[[93.6431, 8.3937], [93.6428, 8.3935], [93.6426, 8.3935], [93.6423, 8.3935], [93.6431, 8.3937]]], [[[93.6455, 8.3943], [93.6457, 8.3943], [93.6459, 8.3944], [93.6464, 8.3944], [93.6455, 8.3943]]], [[[93.6345, 8.397], [93.6347, 8.397], [93.6349, 8.3971], [93.6352, 8.3971], [93.6345, 8.397]]], [[[93.0442, 8.4712], [93.0575, 8.4405], [93.0365, 8.4497], [93.0442, 8.4712]]], [[[93.6143, 8.5753], [93.6424, 8.4683], [93.6229, 8.4232], [93.6143, 8.5753]]], [[[93.6089, 8.5817], [93.6089, 8.5816], [93.6087, 8.5814], [93.6086, 8.5811], [93.6089, 8.5817]]], [[[92.7946, 9.2391], [92.8297, 9.138], [92.7301, 9.1245], [92.7234, 9.2173], [92.7663, 9.2154], [92.7758, 9.2569], [92.7946, 9.2391]]], [[[92.5184, 10.8975], [92.5582, 10.863], [92.5631, 10.8042], [92.5871, 10.7876], [92.597, 10.6803], [92.5399, 10.6147], [92.5682, 10.5762], [92.5132, 10.5118], [92.4331, 10.5484], [92.3862, 10.5317], [92.4209, 10.6156], [92.3826, 10.6679], [92.377, 10.783], [92.4085, 10.7842], [92.4571, 10.8615], [92.5184, 10.8975]]], [[[92.6102, 10.9384], [92.6107, 10.9382], [92.611, 10.9379], [92.6113, 10.9375], [92.6102, 10.9384]]], [[[92.2272, 10.9819], [92.2272, 10.9819], [92.2275, 10.9819], [92.228, 10.982], [92.2272, 10.9819]]], [[[92.6641, 10.9828], [92.6636, 10.9827], [92.6631, 10.9828], [92.6623, 10.9828], [92.6641, 10.9828]]], [[[92.7244, 11.1414], [92.7242, 11.1414], [92.724, 11.1414], [92.7237, 11.1416], [92.7244, 11.1414]]], [[[92.7335, 11.148], [92.734, 11.1478], [92.734, 11.1478], [92.734, 11.1476], [92.7335, 11.148]]], [[[92.6777, 11.1831], [92.6777, 11.1831], [92.678, 11.1832], [92.6782, 11.1833], [92.6777, 11.1831]]], [[[92.7064, 11.2886], [92.7066, 11.288], [92.7069, 11.2871], [92.7069, 11.2871], [92.7064, 11.2886]]], [[[92.7242, 11.332], [92.7243, 11.3312], [92.7242, 11.3312], [92.724, 11.3308], [92.7242, 11.332]]], [[[92.5495, 11.3976], [92.5498, 11.3975], [92.5501, 11.3975], [92.5504, 11.3976], [92.5495, 11.3976]]], [[[92.5624, 11.3977], [92.5627, 11.3974], [92.5629, 11.3972], [92.5631, 11.3969], [92.5624, 11.3977]]], [[[92.6156, 11.5103], [92.6153, 11.51], [92.615, 11.5097], [92.6147, 11.5094], [92.6156, 11.5103]]], [[[92.6419, 11.5102], [92.6857, 11.4362], [92.6486, 11.4071], [92.6908, 11.3708], [92.5982, 11.3478], [92.5872, 11.4009], [92.6233, 11.4061], [92.6136, 11.4729], [92.6419, 11.5102]]], [[[92.6044, 11.5351], [92.6047, 11.5349], [92.6051, 11.5349], [92.6051, 11.5349], [92.6044, 11.5351]]], [[[92.5603, 11.5381], [92.5604, 11.5377], [92.5604, 11.5373], [92.5604, 11.537], [92.5603, 11.5381]]], [[[92.6279, 11.5422], [92.6277, 11.5422], [92.6274, 11.5422], [92.6272, 11.5423], [92.6279, 11.5422]]], [[[92.6101, 11.5585], [92.6102, 11.5584], [92.6104, 11.5585], [92.6104, 11.5587], [92.6101, 11.5585]]], [[[92.5742, 11.5624], [92.5741, 11.5624], [92.574, 11.5624], [92.5738, 11.5625], [92.5742, 11.5624]]], [[[92.5673, 11.5709], [92.5674, 11.5708], [92.5676, 11.5707], [92.5676, 11.5706], [92.5673, 11.5709]]], [[[92.5971, 11.5422], [92.5971, 11.5419], [92.597, 11.5408], [92.5969, 11.5403], [92.5971, 11.5422]]], [[[92.5789, 11.5848], [92.5789, 11.5848], [92.5789, 11.5848], [92.5791, 11.5846], [92.5789, 11.5848]]], [[[92.6117, 11.5882], [92.6119, 11.5881], [92.612, 11.5877], [92.612, 11.5877], [92.6117, 11.5882]]], [[[92.5938, 11.5903], [92.5939, 11.5903], [92.5939, 11.5903], [92.594, 11.5903], [92.5938, 11.5903]]], [[[92.2296, 11.5876], [92.2704, 11.5847], [92.2613, 11.518], [92.2145, 11.53], [92.2078, 11.5855], [92.2296, 11.5876]]], [[[92.541, 11.6034], [92.5695, 11.5884], [92.5303, 11.5547], [92.541, 11.6034]]], [[[92.6987, 11.6641], [92.6995, 11.664], [92.7007, 11.664], [92.7015, 11.6639], [92.6987, 11.6641]]], [[[92.7657, 11.6777], [92.7653, 11.6771], [92.7644, 11.6762], [92.7641, 11.6751], [92.7657, 11.6777]]], [[[93.0853, 11.7897], [93.0855, 11.7896], [93.0857, 11.7893], [93.0858, 11.7891], [93.0853, 11.7897]]], [[[93.0315, 11.8368], [93.0716, 11.835], [93.0502, 11.8132], [93.0153, 11.8286], [93.0131, 11.85], [93.0315, 11.8368]]], [[[92.6021, 11.9177], [92.6021, 11.9173], [92.602, 11.9167], [92.6018, 11.9161], [92.6021, 11.9177]]], [[[92.5652, 11.9502], [92.5654, 11.9499], [92.5656, 11.9499], [92.5663, 11.9498], [92.5652, 11.9502]]], [[[92.7325, 11.9548], [92.7317, 11.9541], [92.7308, 11.9536], [92.7307, 11.9535], [92.7325, 11.9548]]], [[[92.7435, 11.9651], [92.742, 11.9651], [92.7418, 11.9654], [92.7418, 11.9663], [92.7435, 11.9651]]], [[[92.7557, 11.9673], [92.765, 11.9523], [92.7364, 11.9523], [92.7557, 11.9673]]], [[[92.5948, 11.977], [92.5962, 11.9763], [92.5969, 11.9754], [92.5972, 11.9742], [92.5948, 11.977]]], [[[92.5844, 11.9821], [92.5845, 11.9817], [92.5845, 11.9812], [92.5846, 11.9806], [92.5844, 11.9821]]], [[[92.7761, 12.018], [92.7766, 12.0168], [92.7764, 12.0161], [92.7756, 12.0149], [92.7761, 12.018]]], [[[92.9746, 12.0429], [93.0098, 12.0168], [93.045, 11.8845], [93.0022, 11.9486], [92.9254, 11.9979], [92.9746, 12.0429]]], [[[92.97, 12.0638], [92.9698, 12.0638], [92.9696, 12.0639], [92.9694, 12.064], [92.97, 12.0638]]], [[[92.9915, 12.109], [92.9945, 12.0443], [92.9605, 12.0788], [92.9599, 12.1077], [92.9915, 12.109]]], [[[92.7393, 12.1073], [92.7389, 12.107], [92.7384, 12.107], [92.7383, 12.1071], [92.7393, 12.1073]]], [[[92.9565, 12.0957], [92.956, 12.0951], [92.9559, 12.0951], [92.9558, 12.0949], [92.9565, 12.0957]]], [[[93.003, 12.1141], [93.0028, 12.1136], [93.0027, 12.1135], [93.0026, 12.1133], [93.003, 12.1141]]], [[[93.0984, 12.1367], [93.0986, 12.1367], [93.0988, 12.1368], [93.0991, 12.1369], [93.0984, 12.1367]]], [[[93.1204, 12.1483], [93.1204, 12.1478], [93.1205, 12.1473], [93.1207, 12.147], [93.1204, 12.1483]]], [[[92.9637, 12.1508], [92.9922, 12.1441], [92.9978, 12.1144], [92.9631, 12.1229], [92.9637, 12.1508]]], [[[92.8458, 12.148], [92.8451, 12.148], [92.8445, 12.1483], [92.8439, 12.1488], [92.8458, 12.148]]], [[[93.0289, 12.1659], [93.0453, 12.0457], [93.0002, 12.108], [93.0289, 12.1659]]], [[[92.7588, 12.1815], [92.759, 12.1814], [92.7593, 12.1812], [92.7593, 12.1812], [92.7588, 12.1815]]], [[[92.7306, 12.1852], [92.7301, 12.1848], [92.7294, 12.1847], [92.729, 12.1847], [92.7306, 12.1852]]], [[[93.0745, 12.2104], [93.095, 12.1424], [93.0741, 12.0838], [93.0368, 12.1333], [93.0745, 12.2104]]], [[[92.6833, 12.2164], [92.6833, 12.216], [92.6832, 12.2156], [92.683, 12.2151], [92.6833, 12.2164]]], [[[92.9352, 12.2246], [92.937, 12.2237], [92.937, 12.2237], [92.9379, 12.2241], [92.9352, 12.2246]]], [[[92.6974, 12.2399], [92.7039, 12.1643], [92.7579, 12.1773], [92.7351, 12.0742], [92.7835, 12.0465], [92.7623, 12.0213], [92.7384, 12.0416], [92.7363, 12.016], [92.7689, 11.9992], [92.7432, 11.9948], [92.7488, 11.9781], [92.7284, 11.9952], [92.7247, 11.8509], [92.7072, 11.8165], [92.6782, 11.8202], [92.6806, 11.7994], [92.7193, 11.8267], [92.7463, 11.9322], [92.7838, 11.9369], [92.7882, 11.919], [92.7554, 11.7022], [92.7018, 11.7079], [92.7093, 11.6706], [92.6653, 11.6536], [92.6956, 11.6216], [92.6947, 11.6535], [92.7301, 11.6593], [92.7224, 11.6895], [92.7569, 11.6649], [92.7117, 11.4776], [92.6996, 11.5072], [92.646, 11.5236], [92.6471, 11.5725], [92.6176, 11.5626], [92.6086, 11.621], [92.6358, 11.6158], [92.6445, 11.6367], [92.6316, 11.652], [92.6319, 11.6288], [92.6079, 11.6341], [92.589, 11.7247], [92.5622, 11.694], [92.5467, 11.8355], [92.5215, 11.8268], [92.5136, 11.8487], [92.5625, 11.9469], [92.6063, 11.8579], [92.6226, 12.0961], [92.6616, 12.2158], [92.6572, 12.1824], [92.6974, 12.2399]]], [[[92.7315, 12.2423], [92.7329, 12.2106], [92.7399, 12.2364], [92.7626, 12.2297], [92.7635, 12.1817], [92.7208, 12.1906], [92.7315, 12.2423]]], [[[92.8812, 12.2463], [92.8807, 12.2453], [92.8802, 12.2468], [92.8801, 12.2474], [92.8812, 12.2463]]], [[[92.6989, 12.2493], [92.6991, 12.2491], [92.6995, 12.2491], [92.6996, 12.249], [92.6989, 12.2493]]], [[[92.8668, 12.2359], [92.8666, 12.2355], [92.8661, 12.2356], [92.8655, 12.2361], [92.8668, 12.2359]]], [[[92.9008, 12.2552], [92.9123, 12.2222], [92.8913, 12.234], [92.8781, 12.21], [92.8713, 12.2457], [92.9008, 12.2552]]], [[[93.0793, 12.2596], [93.0885, 12.2373], [93.1057, 12.2603], [93.1006, 12.2044], [93.0632, 12.2299], [93.0793, 12.2596]]], [[[92.9019, 12.2598], [92.9017, 12.2595], [92.9015, 12.2596], [92.9014, 12.2595], [92.9019, 12.2598]]], [[[92.7384, 12.2761], [92.7387, 12.2759], [92.7389, 12.2759], [92.7391, 12.2757], [92.7384, 12.2761]]], [[[93.0298, 12.2781], [93.0296, 12.278], [93.0296, 12.278], [93.0296, 12.2779], [93.0298, 12.2781]]], [[[92.7493, 12.2886], [92.7496, 12.2884], [92.7498, 12.2882], [92.7501, 12.2882], [92.7493, 12.2886]]], [[[92.738, 12.2924], [92.738, 12.2924], [92.738, 12.2924], [92.738, 12.2913], [92.738, 12.2924]]], [[[92.7674, 12.2739], [92.7672, 12.2722], [92.7668, 12.2713], [92.7666, 12.2704], [92.7674, 12.2739]]], [[[92.7527, 12.2924], [92.7524, 12.2924], [92.7521, 12.2925], [92.752, 12.2927], [92.7527, 12.2924]]], [[[93.867, 12.2953], [93.8763, 12.2732], [93.8548, 12.2657], [93.867, 12.2953]]], [[[92.769, 12.2884], [92.7687, 12.2883], [92.7683, 12.2883], [92.768, 12.2884], [92.769, 12.2884]]], [[[92.8807, 12.2979], [92.8807, 12.2975], [92.8807, 12.2971], [92.8807, 12.2964], [92.8807, 12.2979]]], [[[92.7661, 12.2979], [92.7656, 12.297], [92.7654, 12.297], [92.7653, 12.2969], [92.7661, 12.2979]]], [[[92.7129, 12.2965], [92.7133, 12.2965], [92.7135, 12.2965], [92.7137, 12.2963], [92.7129, 12.2965]]], [[[92.9344, 12.3082], [92.9232, 12.2307], [92.9017, 12.2879], [92.9279, 12.2809], [92.9344, 12.3082]]], [[[92.8257, 12.3042], [92.8871, 12.2868], [92.8882, 12.2591], [92.8592, 12.2451], [92.8821, 12.1981], [92.8458, 12.1999], [92.8508, 12.1575], [92.8226, 12.1657], [92.8127, 12.108], [92.7649, 12.0637], [92.7395, 12.0992], [92.7708, 12.2312], [92.7434, 12.251], [92.7818, 12.2851], [92.7714, 12.3131], [92.8257, 12.3042]]], [[[93.072, 12.3185], [93.0723, 12.3182], [93.0723, 12.3182], [93.0726, 12.318], [93.072, 12.3185]]], [[[92.9127, 12.3317], [92.9125, 12.3317], [92.9123, 12.3317], [92.9121, 12.3319], [92.9127, 12.3317]]], [[[92.9056, 12.3383], [92.9055, 12.3382], [92.9055, 12.3383], [92.9052, 12.3383], [92.9056, 12.3383]]], [[[92.9154, 12.3555], [92.9155, 12.3554], [92.9156, 12.3554], [92.9158, 12.3554], [92.9154, 12.3555]]], [[[92.8968, 12.3922], [92.8965, 12.3922], [92.8962, 12.3922], [92.8959, 12.3923], [92.8968, 12.3922]]], [[[92.8596, 12.4066], [92.8893, 12.4074], [92.8844, 12.3748], [92.8444, 12.3953], [92.8596, 12.4066]]], [[[92.8983, 12.412], [92.8984, 12.4119], [92.8985, 12.4119], [92.8986, 12.4118], [92.8983, 12.412]]], [[[92.8893, 12.4128], [92.889, 12.4128], [92.8889, 12.4128], [92.8887, 12.413], [92.8893, 12.4128]]], [[[92.8663, 12.421], [92.8667, 12.421], [92.8671, 12.421], [92.8674, 12.4209], [92.8663, 12.421]]], [[[92.9043, 12.4213], [92.9043, 12.4212], [92.9042, 12.421], [92.904, 12.4208], [92.9043, 12.4213]]], [[[92.8429, 12.4201], [92.8432, 12.4197], [92.8438, 12.4197], [92.8442, 12.4197], [92.8429, 12.4201]]], [[[92.9558, 12.4299], [92.9309, 12.3585], [92.9261, 12.4048], [92.9558, 12.4299]]], [[[92.6746, 12.5421], [92.6749, 12.542], [92.6751, 12.5421], [92.6756, 12.5419], [92.6746, 12.5421]]], [[[92.7028, 12.6384], [92.7023, 12.6382], [92.7022, 12.6382], [92.702, 12.6382], [92.7028, 12.6384]]], [[[92.7241, 12.7369], [92.7246, 12.7365], [92.7254, 12.7366], [92.7262, 12.7368], [92.7241, 12.7369]]], [[[92.7267, 12.7518], [92.7265, 12.7518], [92.7261, 12.752], [92.7258, 12.7523], [92.7267, 12.7518]]], [[[92.7173, 12.7735], [92.717, 12.7735], [92.7168, 12.7736], [92.7167, 12.7739], [92.7173, 12.7735]]], [[[92.7164, 12.7771], [92.7166, 12.777], [92.7169, 12.777], [92.7172, 12.7769], [92.7164, 12.7771]]], [[[92.7164, 12.7827], [92.7161, 12.7827], [92.7159, 12.7828], [92.7158, 12.7829], [92.7164, 12.7827]]], [[[92.7211, 12.7814], [92.7219, 12.7779], [92.7221, 12.777], [92.7224, 12.7762], [92.7211, 12.7814]]], [[[92.7156, 12.7953], [92.7153, 12.7946], [92.715, 12.795], [92.7151, 12.7956], [92.7156, 12.7953]]], [[[92.7171, 12.7992], [92.7168, 12.7988], [92.7163, 12.7989], [92.7155, 12.8], [92.7171, 12.7992]]], [[[92.7172, 12.8029], [92.7168, 12.8026], [92.7163, 12.8026], [92.7161, 12.8038], [92.7172, 12.8029]]], [[[92.7104, 12.8291], [92.7184, 12.7192], [92.6946, 12.796], [92.7104, 12.8291]]], [[[92.726, 12.8324], [92.7257, 12.8322], [92.7254, 12.8323], [92.7251, 12.8324], [92.726, 12.8324]]], [[[92.7645, 12.8543], [92.7646, 12.8542], [92.7648, 12.8542], [92.765, 12.8541], [92.7645, 12.8543]]], [[[92.7306, 12.8548], [92.7302, 12.8547], [92.7299, 12.8548], [92.7296, 12.855], [92.7306, 12.8548]]], [[[92.7292, 12.8643], [92.7294, 12.864], [92.7297, 12.8637], [92.73, 12.8634], [92.7292, 12.8643]]], [[[92.7785, 12.8652], [92.7785, 12.8651], [92.7784, 12.8651], [92.7784, 12.8651], [92.7785, 12.8652]]], [[[92.7665, 12.87], [92.7663, 12.8698], [92.7662, 12.8696], [92.7658, 12.8695], [92.7665, 12.87]]], [[[92.7584, 12.8783], [92.7585, 12.8782], [92.7587, 12.8782], [92.7594, 12.8782], [92.7584, 12.8783]]], [[[92.7884, 12.8935], [92.7888, 12.8934], [92.7894, 12.8932], [92.79, 12.893], [92.7884, 12.8935]]], [[[92.8931, 12.8978], [92.8925, 12.8978], [92.8921, 12.8978], [92.8919, 12.8981], [92.8931, 12.8978]]], [[[92.7573, 12.9014], [92.7573, 12.9009], [92.7572, 12.9005], [92.7572, 12.8999], [92.7573, 12.9014]]], [[[92.7577, 12.9122], [92.7575, 12.9122], [92.7572, 12.9123], [92.7571, 12.9124], [92.7577, 12.9122]]], [[[92.8651, 12.9127], [92.8648, 12.9125], [92.8642, 12.9128], [92.8638, 12.9135], [92.8651, 12.9127]]], [[[92.7937, 12.9126], [92.7926, 12.892], [92.7741, 12.9115], [92.7937, 12.9126]]], [[[92.7682, 12.9164], [92.768, 12.9163], [92.7679, 12.9164], [92.7679, 12.9164], [92.7682, 12.9164]]], [[[92.9352, 12.9139], [92.9343, 12.9137], [92.934, 12.914], [92.9339, 12.9145], [92.9352, 12.9139]]], [[[92.7674, 12.9225], [92.7673, 12.922], [92.7675, 12.9219], [92.7676, 12.9217], [92.7674, 12.9225]]], [[[92.899, 12.9159], [92.9221, 12.913], [92.9045, 12.8862], [92.9282, 12.884], [92.9539, 12.8074], [92.9339, 12.7737], [92.9801, 12.7101], [92.9488, 12.6288], [92.9682, 12.497], [92.9303, 12.4801], [92.9232, 12.465], [92.9587, 12.4731], [92.9151, 12.4438], [92.9148, 12.4063], [92.8562, 12.4568], [92.8978, 12.4155], [92.8076, 12.4373], [92.8903, 12.3499], [92.8678, 12.3316], [92.8952, 12.3202], [92.7196, 12.3004], [92.6989, 12.3278], [92.7075, 12.5952], [92.6846, 12.6089], [92.7522, 12.6712], [92.7749, 12.6698], [92.7814, 12.6353], [92.7891, 12.6751], [92.7857, 12.6982], [92.7676, 12.6715], [92.7328, 12.6744], [92.746, 12.7228], [92.7235, 12.8269], [92.7384, 12.8106], [92.803, 12.8972], [92.8588, 12.8778], [92.899, 12.9159]]], [[[92.8869, 12.9294], [92.887, 12.9293], [92.887, 12.9293], [92.8878, 12.9293], [92.8869, 12.9294]]], [[[92.7744, 12.9313], [92.7746, 12.9313], [92.7747, 12.9313], [92.7748, 12.9313], [92.7744, 12.9313]]], [[[92.892, 12.933], [92.8921, 12.9328], [92.8923, 12.9328], [92.8924, 12.9327], [92.892, 12.933]]], [[[92.8766, 12.9324], [92.8768, 12.9314], [92.877, 12.9309], [92.8777, 12.9305], [92.8766, 12.9324]]], [[[92.7648, 12.9337], [92.7648, 12.9335], [92.7649, 12.9335], [92.7651, 12.9334], [92.7648, 12.9337]]], [[[92.8915, 12.9378], [92.8917, 12.9377], [92.892, 12.9377], [92.8925, 12.9377], [92.8915, 12.9378]]], [[[92.9009, 12.9421], [92.9013, 12.942], [92.9013, 12.942], [92.9017, 12.9418], [92.9009, 12.9421]]], [[[92.6963, 12.9915], [92.7203, 12.9789], [92.7196, 12.8743], [92.6762, 12.8359], [92.6893, 12.8173], [92.6682, 12.7827], [92.6481, 12.8617], [92.6695, 12.963], [92.6963, 12.9915]]], [[[93.0063, 12.9971], [92.9812, 12.9329], [92.9521, 12.9409], [92.9738, 12.9465], [92.9594, 12.9889], [92.9723, 12.9698], [93.0063, 12.9971]]], [[[92.9895, 13.0007], [92.9896, 13.0006], [92.9896, 13.0003], [92.9896, 13.0003], [92.9895, 13.0007]]], [[[92.9124, 13.0025], [92.9122, 13.0024], [92.9119, 13.0024], [92.9116, 13.0028], [92.9124, 13.0025]]], [[[92.9103, 13.007], [92.9102, 13.0069], [92.9101, 13.0069], [92.9099, 13.0069], [92.9103, 13.007]]], [[[92.9493, 13.0246], [92.9495, 13.0243], [92.9495, 13.0241], [92.9496, 13.0239], [92.9493, 13.0246]]], [[[92.9266, 13.0237], [92.9419, 12.9955], [92.9209, 13.0005], [92.9266, 13.0237]]], [[[92.9191, 13.0404], [92.9188, 13.0402], [92.9185, 13.0402], [92.918, 13.0402], [92.9191, 13.0404]]], [[[92.9329, 13.0495], [92.9327, 13.0495], [92.9326, 13.0497], [92.9326, 13.0498], [92.9329, 13.0495]]], [[[92.9171, 13.0618], [92.9173, 13.0612], [92.9174, 13.0603], [92.9178, 13.0594], [92.9171, 13.0618]]], [[[92.729, 13.0908], [92.7287, 13.0907], [92.7284, 13.0907], [92.7282, 13.0907], [92.729, 13.0908]]], [[[92.7168, 13.0979], [92.7018, 13.071], [92.6961, 13.0954], [92.7168, 13.0979]]], [[[92.7955, 13.1712], [92.7956, 13.1712], [92.7957, 13.1712], [92.796, 13.1711], [92.7955, 13.1712]]], [[[93.0612, 13.2207], [93.0608, 13.2207], [93.06, 13.2211], [93.0594, 13.2217], [93.0612, 13.2207]]], [[[93.0166, 13.2846], [93.0165, 13.2846], [93.0165, 13.2846], [93.0163, 13.2844], [93.0166, 13.2846]]], [[[93.0731, 13.2984], [93.0721, 13.2982], [93.0713, 13.2993], [93.0709, 13.3001], [93.0731, 13.2984]]], [[[93.0253, 13.3263], [93.0246, 13.3261], [93.024, 13.3262], [93.024, 13.3262], [93.0253, 13.3263]]], [[[93.0076, 13.3356], [93.0073, 13.3356], [93.0071, 13.3358], [93.0071, 13.3359], [93.0076, 13.3356]]], [[[92.9682, 13.3331], [92.9682, 13.333], [92.9682, 13.3329], [92.9682, 13.3328], [92.9682, 13.3331]]], [[[93.015, 13.3392], [93.015, 13.3392], [93.015, 13.3392], [93.0155, 13.3391], [93.015, 13.3392]]], [[[93.0372, 13.3406], [93.0372, 13.3405], [93.037, 13.3406], [93.0369, 13.3406], [93.0372, 13.3406]]], [[[93.0202, 13.3383], [93.0197, 13.3375], [93.0192, 13.3369], [93.0184, 13.3367], [93.0202, 13.3383]]], [[[93.0773, 13.3647], [93.0778, 13.3645], [93.0782, 13.3644], [93.0785, 13.3641], [93.0773, 13.3647]]], [[[93.0828, 13.3689], [93.083, 13.3687], [93.0833, 13.3686], [93.0833, 13.3684], [93.0828, 13.3689]]], [[[93.0641, 13.3857], [93.064, 13.3854], [93.0639, 13.3854], [93.0637, 13.3851], [93.0641, 13.3857]]], [[[92.8671, 13.4119], [92.8666, 13.4118], [92.8661, 13.4118], [92.8658, 13.4119], [92.8671, 13.4119]]], [[[92.8156, 13.4179], [92.8157, 13.4177], [92.8161, 13.4175], [92.8163, 13.4174], [92.8156, 13.4179]]], [[[93.094, 13.4182], [93.0943, 13.4178], [93.0946, 13.4179], [93.0949, 13.418], [93.094, 13.4182]]], [[[93.0714, 13.4133], [93.0709, 13.413], [93.0706, 13.413], [93.0705, 13.413], [93.0714, 13.4133]]], [[[93.1001, 13.4353], [93.1008, 13.4352], [93.1014, 13.4353], [93.102, 13.4353], [93.1001, 13.4353]]], [[[92.8433, 13.4404], [92.8435, 13.4401], [92.8435, 13.4396], [92.8435, 13.4392], [92.8433, 13.4404]]], [[[94.2711, 13.4431], [94.2464, 13.4428], [94.2597, 13.4668], [94.2758, 13.4686], [94.2711, 13.4431]]], [[[92.8738, 13.505], [92.8736, 13.5049], [92.8735, 13.5049], [92.8734, 13.5048], [92.8738, 13.505]]], [[[92.9202, 13.5157], [92.9206, 13.5156], [92.9206, 13.5156], [92.9207, 13.5156], [92.9202, 13.5157]]], [[[92.9085, 13.5369], [92.9086, 13.5369], [92.9088, 13.5369], [92.9089, 13.537], [92.9085, 13.5369]]], [[[92.8769, 13.537], [92.8765, 13.5365], [92.8762, 13.5356], [92.8756, 13.5355], [92.8769, 13.537]]], [[[93.0073, 13.5555], [93.0067, 13.5554], [93.0061, 13.5556], [93.0057, 13.5562], [93.0073, 13.5555]]], [[[93.0569, 13.5663], [93.0569, 13.566], [93.057, 13.5657], [93.057, 13.5654], [93.0569, 13.5663]]], [[[93.0302, 13.5711], [93.0432, 13.5046], [93.016, 13.4646], [93.0345, 13.4358], [93.0162, 13.4325], [93.0704, 13.4063], [93.0255, 13.373], [93.0555, 13.3821], [93.09, 13.336], [93.0652, 13.3043], [93.0606, 13.3288], [93.0401, 13.3221], [93.0417, 13.3677], [92.9871, 13.3291], [92.9705, 13.3604], [92.9501, 13.3435], [92.9983, 13.3148], [92.9919, 13.2925], [93.009, 13.3209], [93.0118, 13.2768], [93.0463, 13.2818], [93.045, 13.2588], [93.0657, 13.2723], [93.0318, 13.1787], [93.0346, 13.0826], [93.0029, 13.0286], [92.9653, 13.0365], [92.9716, 13.0132], [92.9347, 13.0427], [92.9362, 13.0872], [92.9235, 13.0566], [92.9042, 13.0799], [92.8877, 13.0449], [92.9161, 13.0545], [92.9015, 13.0221], [92.9385, 12.9717], [92.9125, 12.9468], [92.9073, 12.9859], [92.8813, 12.9822], [92.8771, 12.9443], [92.8545, 12.9398], [92.8735, 12.8835], [92.842, 12.8765], [92.7944, 12.914], [92.7949, 12.9873], [92.8185, 12.9862], [92.8254, 13.0135], [92.7878, 13.0196], [92.7969, 13.0898], [92.81, 13.0742], [92.8223, 13.0957], [92.8098, 13.1267], [92.8478, 13.1406], [92.8097, 13.153], [92.8354, 13.1736], [92.8277, 13.2371], [92.8539, 13.2363], [92.822, 13.2791], [92.8418, 13.3009], [92.8217, 13.3106], [92.8397, 13.3754], [92.8668, 13.3816], [92.8422, 13.3995], [92.8839, 13.4296], [92.8721, 13.472], [92.9297, 13.5019], [92.9149, 13.5339], [92.99, 13.5272], [92.9882, 13.5733], [93.0096, 13.5425], [93.0302, 13.5711]]], [[[92.9024, 13.6005], [92.9028, 13.6003], [92.9032, 13.5999], [92.9034, 13.5997], [92.9024, 13.6005]]], [[[93.0634, 13.6541], [93.0636, 13.6539], [93.0637, 13.6538], [93.0639, 13.6537], [93.0634, 13.6541]]], [[[93.0167, 13.6751], [93.0257, 13.6272], [92.9769, 13.655], [93.0167, 13.6751]]], [[[81.3937, 16.3338], [81.2713, 16.2793], [81.277, 16.3164], [81.3937, 16.3338]]], [[[70.9248, 20.738], [70.9976, 20.714], [70.8993, 20.6988], [70.8738, 20.7188], [70.9248, 20.738]]], [[[74.1192, 14.7534], [74.1135, 14.752], [74.111, 14.7537], [74.1101, 14.755], [74.1192, 14.7534]]], [[[71.7038, 20.9996], [71.7038, 20.9993], [71.704, 20.9993], [71.704, 20.999], [71.7038, 20.9996]]], [[[71.7104, 20.9996], [71.7104, 20.9993], [71.7115, 20.9993], [71.7115, 20.999], [71.7104, 20.9996]]], [[[72.6476, 21.0762], [72.6476, 21.0754], [72.6479, 21.0754], [72.6479, 21.0752], [72.6476, 21.0762]]], [[[72.6793, 21.0988], [72.6793, 21.0982], [72.6796, 21.0982], [72.6796, 21.098], [72.6793, 21.0988]]], [[[72.6721, 21.1151], [72.6721, 21.1143], [72.6724, 21.1143], [72.6724, 21.1135], [72.6721, 21.1151]]], [[[72.7021, 21.1224], [72.7021, 21.1207], [72.7024, 21.1207], [72.7024, 21.1179], [72.7021, 21.1224]]], [[[72.6765, 21.1557], [72.7104, 21.1407], [72.689, 21.0899], [72.6765, 21.1557]]], [[[72.1029, 21.2743], [72.1029, 21.274], [72.1035, 21.274], [72.1035, 21.2726], [72.1029, 21.2743]]], [[[72.5879, 21.3393], [72.5879, 21.3379], [72.5876, 21.3379], [72.5876, 21.3368], [72.5879, 21.3393]]], [[[72.5832, 21.3654], [72.5832, 21.3651], [72.5837, 21.3651], [72.5837, 21.3646], [72.5832, 21.3654]]], [[[72.6004, 21.3871], [72.6004, 21.3838], [72.6001, 21.3837], [72.6001, 21.3793], [72.6004, 21.3871]]], [[[72.6282, 21.4174], [72.6282, 21.4168], [72.6285, 21.4168], [72.6285, 21.4163], [72.6282, 21.4174]]], [[[72.636, 21.4176], [72.636, 21.4174], [72.6368, 21.4174], [72.6368, 21.4168], [72.636, 21.4176]]], [[[72.676, 21.4468], [72.676, 21.446], [72.6762, 21.446], [72.6762, 21.4443], [72.676, 21.4468]]], [[[72.6933, 21.4618], [72.6929, 21.4611], [72.6929, 21.4618], [72.6933, 21.4618]]], [[[72.6579, 21.4707], [72.6579, 21.471], [72.6582, 21.471], [72.6579, 21.4707]]], [[[72.6713, 21.5146], [72.671, 21.5146], [72.671, 21.5149], [72.6712, 21.5149], [72.6713, 21.5146]]], [[[72.6743, 21.5207], [72.6743, 21.5206], [72.6743, 21.5207], [72.6743, 21.5207]]], [[[72.6747, 21.5213], [72.6746, 21.5211], [72.6746, 21.5213], [72.6747, 21.5213]]], [[[72.6956, 21.5273], [72.6944, 21.5272], [72.6938, 21.5274], [72.6957, 21.5274], [72.6956, 21.5273]]], [[[72.7065, 21.5324], [72.7061, 21.5324], [72.7065, 21.5326], [72.7065, 21.5324]]], [[[72.6854, 21.5407], [72.6851, 21.5407], [72.6851, 21.5409], [72.6852, 21.5408], [72.6854, 21.5407]]], [[[72.3532, 21.6135], [72.3532, 21.6129], [72.3538, 21.6129], [72.3538, 21.6126], [72.3532, 21.6135]]], [[[72.5846, 21.629], [72.5846, 21.6271], [72.5843, 21.6271], [72.5843, 21.6263], [72.5846, 21.629]]], [[[72.6093, 21.6288], [72.6093, 21.6279], [72.609, 21.6279], [72.609, 21.6271], [72.6093, 21.6288]]], [[[72.6118, 21.6321], [72.6118, 21.6315], [72.6115, 21.6315], [72.6115, 21.6312], [72.6118, 21.6321]]], [[[72.6171, 21.6385], [72.6171, 21.6376], [72.6168, 21.6376], [72.6168, 21.6374], [72.6171, 21.6385]]], [[[72.5957, 21.639], [72.6115, 21.6357], [72.599, 21.6174], [72.5957, 21.639]]], [[[72.6196, 21.6396], [72.6196, 21.6393], [72.6201, 21.6393], [72.6201, 21.639], [72.6196, 21.6396]]], [[[72.5965, 21.6413], [72.5965, 21.641], [72.5976, 21.641], [72.5976, 21.6407], [72.5965, 21.6413]]], [[[72.749, 21.644], [72.7487, 21.6439], [72.7487, 21.644], [72.749, 21.644]]], [[[72.75, 21.6479], [72.7503, 21.647], [72.751, 21.6463], [72.75, 21.6448], [72.75, 21.6479]]], [[[72.7057, 21.6515], [72.7057, 21.6515], [72.7057, 21.6515], [72.7057, 21.6515]]], [[[72.8201, 21.6588], [72.8199, 21.6586], [72.8199, 21.6588], [72.8201, 21.6588]]], [[[72.8212, 21.6593], [72.821, 21.6591], [72.821, 21.6593], [72.8212, 21.6593]]], [[[72.8216, 21.6596], [72.8213, 21.6593], [72.8213, 21.6596], [72.8216, 21.6596]]], [[[72.822, 21.6599], [72.8218, 21.6597], [72.8218, 21.6599], [72.822, 21.6599]]], [[[72.7226, 21.666], [72.751, 21.6529], [72.7168, 21.6446], [72.7226, 21.666]]], [[[72.2632, 21.7407], [72.2632, 21.7407], [72.2632, 21.7407], [72.2632, 21.7407]]], [[[72.2619, 21.7432], [72.2618, 21.7432], [72.2618, 21.7434], [72.2619, 21.7432]]], [[[72.2618, 21.7435], [72.2615, 21.7435], [72.2615, 21.744], [72.2616, 21.7439], [72.2618, 21.7435]]], [[[72.2604, 21.7462], [72.2615, 21.744], [72.2613, 21.744], [72.2613, 21.7443], [72.2604, 21.7462]]], [[[72.2743, 21.7496], [72.2743, 21.7493], [72.2746, 21.7493], [72.2746, 21.749], [72.2743, 21.7496]]], [[[72.256, 21.7567], [72.2582, 21.7523], [72.2583, 21.7513], [72.2582, 21.7512], [72.256, 21.7567]]], [[[72.5444, 21.7564], [72.5444, 21.7548], [72.5443, 21.752], [72.5442, 21.7499], [72.5444, 21.7564]]], [[[72.2554, 21.7578], [72.2559, 21.7568], [72.2557, 21.7568], [72.2557, 21.7571], [72.2554, 21.7578]]], [[[72.2552, 21.7582], [72.2551, 21.7582], [72.2551, 21.7583], [72.2552, 21.7582]]], [[[72.2549, 21.7587], [72.2549, 21.7587], [72.2549, 21.7589], [72.2549, 21.7587]]], [[[72.2548, 21.759], [72.2546, 21.759], [72.2546, 21.7593], [72.2543, 21.7593], [72.2548, 21.759]]], [[[72.5477, 21.7696], [72.5476, 21.7696], [72.5476, 21.7699], [72.5477, 21.7699], [72.5477, 21.7696]]], [[[72.2497, 21.7735], [72.2496, 21.7735], [72.2496, 21.7738], [72.2497, 21.7735]]], [[[72.2495, 21.774], [72.2493, 21.774], [72.2493, 21.7744], [72.2495, 21.7741], [72.2495, 21.774]]], [[[72.2491, 21.7749], [72.249, 21.7749], [72.249, 21.775], [72.2491, 21.7749]]], [[[72.5546, 21.7976], [72.5546, 21.7976], [72.5546, 21.7976], [72.5546, 21.7976]]], [[[72.5561, 21.8007], [72.556, 21.8003], [72.556, 21.8007], [72.5561, 21.8007]]], [[[72.5575, 21.8032], [72.5574, 21.8029], [72.5574, 21.8032], [72.5575, 21.8032]]], [[[72.5577, 21.8035], [72.5576, 21.8034], [72.5576, 21.8035], [72.5577, 21.8035]]], [[[72.5591, 21.8051], [72.559, 21.8051], [72.559, 21.8051], [72.5591, 21.8051]]], [[[72.5594, 21.8054], [72.5593, 21.8054], [72.5593, 21.8054], [72.5594, 21.8054]]], [[[72.5644, 21.8129], [72.5639, 21.8121], [72.5634, 21.8109], [72.5628, 21.8098], [72.5644, 21.8129]]], [[[72.5649, 21.814], [72.5649, 21.814], [72.5649, 21.814], [72.5649, 21.814]]], [[[72.3551, 21.9429], [72.3551, 21.9424], [72.3554, 21.9424], [72.3554, 21.9418], [72.3551, 21.9429]]], [[[72.214, 22.0054], [72.214, 22.0049], [72.2138, 22.0049], [72.2138, 22.0046], [72.214, 22.0054]]], [[[72.5617, 22.1768], [72.5615, 22.1766], [72.5615, 22.1768], [72.5617, 22.1768]]], [[[72.5638, 22.1801], [72.5638, 22.18], [72.5638, 22.1801], [72.5638, 22.1801]]], [[[72.5644, 22.1809], [72.5643, 22.1808], [72.5643, 22.181], [72.5644, 22.181], [72.5644, 22.1809]]], [[[72.5663, 22.1837], [72.5662, 22.1837], [72.5662, 22.1837], [72.5663, 22.1837]]], [[[72.5672, 22.1851], [72.5671, 22.1849], [72.5671, 22.1851], [72.5672, 22.1851]]], [[[72.5674, 22.1854], [72.5674, 22.1854], [72.5674, 22.1854], [72.5674, 22.1854]]], [[[72.5677, 22.186], [72.5676, 22.1858], [72.5676, 22.186], [72.5677, 22.186]]], [[[72.5683, 22.1868], [72.5682, 22.1867], [72.5682, 22.1868], [72.5683, 22.1868]]], [[[72.5688, 22.1876], [72.5687, 22.1876], [72.5687, 22.1876], [72.5688, 22.1876]]], [[[72.5694, 22.1882], [72.5693, 22.1881], [72.5693, 22.1882], [72.5694, 22.1882]]], [[[72.5731, 22.1921], [72.5729, 22.1919], [72.5729, 22.1921], [72.5731, 22.1921]]], [[[72.5735, 22.1926], [72.5735, 22.1926], [72.5735, 22.1926], [72.5735, 22.1926]]], [[[72.4726, 22.2082], [72.4726, 22.2079], [72.4727, 22.2079], [72.4732, 22.2079], [72.4726, 22.2082]]], [[[72.3843, 22.2157], [72.3843, 22.2154], [72.3854, 22.2154], [72.3854, 22.2151], [72.3843, 22.2157]]], [[[72.3707, 22.2351], [72.3707, 22.234], [72.3704, 22.234], [72.3704, 22.2332], [72.3707, 22.2351]]], [[[69.3104, 22.3063], [69.3104, 22.306], [69.3107, 22.306], [69.3107, 22.3051], [69.3104, 22.3063]]], [[[69.4532, 22.3579], [69.4532, 22.3576], [69.454, 22.3576], [69.454, 22.3574], [69.4532, 22.3579]]], [[[69.184, 22.3676], [69.184, 22.3674], [69.1849, 22.3674], [69.1849, 22.3671], [69.184, 22.3676]]], [[[69.1954, 22.3746], [69.1954, 22.3743], [69.1955, 22.3743], [69.196, 22.3743], [69.1954, 22.3746]]], [[[69.2132, 22.3849], [69.2132, 22.3846], [69.214, 22.3846], [69.214, 22.3843], [69.2132, 22.3849]]], [[[69.201, 22.3863], [69.201, 22.3857], [69.2007, 22.3857], [69.2007, 22.3849], [69.201, 22.3863]]], [[[69.3354, 22.389], [69.3354, 22.3888], [69.336, 22.3888], [69.336, 22.3885], [69.3354, 22.389]]], [[[69.4832, 22.3987], [69.4832, 22.3985], [69.4837, 22.3985], [69.4837, 22.3982], [69.4832, 22.3987]]], [[[69.2801, 22.4179], [69.2801, 22.4176], [69.2804, 22.4176], [69.2804, 22.4174], [69.2801, 22.4179]]], [[[69.2793, 22.4201], [69.2793, 22.4199], [69.2796, 22.4199], [69.2796, 22.4193], [69.2793, 22.4201]]], [[[69.1421, 22.4576], [69.1421, 22.4571], [69.1418, 22.4571], [69.1418, 22.4556], [69.1421, 22.4576]]], [[[69.6276, 22.4595], [69.6571, 22.4282], [69.6365, 22.4065], [69.5882, 22.4371], [69.6276, 22.4595]]], [[[69.3021, 22.474], [69.3268, 22.4571], [69.3012, 22.4529], [69.3021, 22.474]]], [[[69.1368, 22.4776], [69.1468, 22.4632], [69.111, 22.464], [69.0849, 22.421], [69.0935, 22.4615], [69.1368, 22.4776]]], [[[69.089, 22.4907], [69.089, 22.4904], [69.0893, 22.4904], [69.0893, 22.4901], [69.089, 22.4907]]], [[[69.3249, 22.5274], [69.3249, 22.5271], [69.3254, 22.5271], [69.3254, 22.5268], [69.3249, 22.5274]]], [[[69.9449, 22.5324], [69.9449, 22.5321], [69.9457, 22.5321], [69.9457, 22.5318], [69.9449, 22.5324]]], [[[69.4051, 22.5326], [69.4051, 22.5321], [69.4054, 22.5321], [69.4054, 22.531], [69.4051, 22.5326]]], [[[69.9574, 22.536], [69.9574, 22.5354], [69.9576, 22.5354], [69.9576, 22.5351], [69.9574, 22.536]]], [[[69.9604, 22.5438], [69.9604, 22.5435], [69.9607, 22.5435], [69.961, 22.5435], [69.9604, 22.5438]]], [[[69.9521, 22.5513], [69.9521, 22.551], [69.9524, 22.551], [69.9524, 22.5507], [69.9521, 22.5513]]], [[[69.9187, 22.5532], [69.9415, 22.5179], [69.8624, 22.5271], [69.8951, 22.5229], [69.9187, 22.5532]]], [[[70.0243, 22.5532], [70.0243, 22.5529], [70.0246, 22.5529], [70.0246, 22.5522], [70.0243, 22.5532]]], [[[70.0113, 22.5538], [70.0113, 22.5535], [70.0115, 22.5535], [70.0115, 22.5532], [70.0113, 22.5538]]], [[[70.0235, 22.5585], [70.0235, 22.5582], [70.024, 22.5582], [70.024, 22.5579], [70.0235, 22.5585]]], [[[70.0396, 22.5679], [70.0396, 22.5676], [70.0399, 22.5676], [70.0399, 22.5674], [70.0396, 22.5679]]], [[[70.0446, 22.5724], [70.0446, 22.5721], [70.0449, 22.5721], [70.0449, 22.5718], [70.0446, 22.5724]]], [[[70.1818, 22.5837], [70.1818, 22.5835], [70.1821, 22.5835], [70.1821, 22.5832], [70.1818, 22.5837]]], [[[70.009, 22.5931], [70.0271, 22.5679], [69.9579, 22.5496], [69.9651, 22.5779], [70.009, 22.5931]]], [[[70.1904, 22.5999], [70.1904, 22.5996], [70.1907, 22.5996], [70.1907, 22.5995], [70.1904, 22.5999]]], [[[69.9485, 22.6063], [69.9485, 22.606], [69.9488, 22.606], [69.9488, 22.6057], [69.9485, 22.6063]]], [[[70.216, 22.6468], [70.216, 22.6465], [70.2162, 22.6465], [70.2162, 22.6463], [70.216, 22.6468]]], [[[70.2357, 22.6846], [70.2357, 22.6843], [70.236, 22.6843], [70.236, 22.684], [70.2357, 22.6846]]], [[[70.2426, 22.6846], [70.2426, 22.6843], [70.2438, 22.6843], [70.2438, 22.6832], [70.2426, 22.6846]]], [[[70.2468, 22.6918], [70.2468, 22.6915], [70.2474, 22.6915], [70.2474, 22.6913], [70.2468, 22.6918]]], [[[70.244, 22.7201], [70.244, 22.719], [70.2443, 22.719], [70.2443, 22.7176], [70.244, 22.7201]]], [[[69.6426, 22.7649], [69.6426, 22.7646], [69.644, 22.7646], [69.644, 22.7643], [69.6426, 22.7649]]], [[[69.6365, 22.7799], [69.6365, 22.7796], [69.6368, 22.7796], [69.6368, 22.7793], [69.6365, 22.7799]]], [[[69.8171, 22.8526], [69.8171, 22.8524], [69.8168, 22.8524], [69.8168, 22.8521], [69.8171, 22.8526]]], [[[69.8213, 22.8542], [69.8213, 22.854], [69.8209, 22.854], [69.8213, 22.8542]]], [[[69.8229, 22.8549], [69.8227, 22.8549], [69.8229, 22.855], [69.8229, 22.8549]]], [[[70.4551, 22.9957], [70.4551, 22.9943], [70.4549, 22.9943], [70.4549, 22.9915], [70.4551, 22.9957]]], [[[70.4415, 23.0496], [70.4415, 23.0482], [70.4413, 23.0482], [70.4413, 23.0476], [70.4415, 23.0496]]], [[[70.4485, 23.0521], [70.4485, 23.0518], [70.4488, 23.0518], [70.4488, 23.0513], [70.4485, 23.0521]]], [[[70.4535, 23.0529], [70.4533, 23.0529], [70.4532, 23.0529], [70.4532, 23.0526], [70.4535, 23.0529]]], [[[70.459, 23.0576], [70.459, 23.0571], [70.4593, 23.0571], [70.4593, 23.0565], [70.459, 23.0576]]], [[[70.4521, 23.0607], [70.4521, 23.0604], [70.4524, 23.0604], [70.4524, 23.0599], [70.4521, 23.0607]]], [[[70.4696, 23.0613], [70.4696, 23.061], [70.4701, 23.061], [70.4701, 23.0607], [70.4696, 23.0613]]], [[[70.4824, 23.0654], [70.4824, 23.0649], [70.4826, 23.0649], [70.4826, 23.0637], [70.4824, 23.0654]]], [[[68.609, 23.2313], [68.609, 23.231], [68.6096, 23.231], [68.6096, 23.2307], [68.609, 23.2313]]], [[[68.5943, 23.2621], [68.5943, 23.2618], [68.5949, 23.2618], [68.5949, 23.2615], [68.5943, 23.2621]]], [[[68.6585, 23.2713], [68.6585, 23.271], [68.6588, 23.271], [68.6588, 23.2707], [68.6585, 23.2713]]], [[[68.6287, 23.2901], [68.6287, 23.2896], [68.629, 23.2896], [68.629, 23.289], [68.6287, 23.2901]]], [[[68.5582, 23.3138], [68.6121, 23.2965], [68.6149, 23.2715], [68.574, 23.2451], [68.541, 23.2657], [68.541, 23.2851], [68.5679, 23.2812], [68.5582, 23.3138]]], [[[68.6426, 23.314], [68.6426, 23.3138], [68.6429, 23.3138], [68.6429, 23.3135], [68.6426, 23.314]]], [[[68.6326, 23.3176], [68.6326, 23.3171], [68.6329, 23.3171], [68.6329, 23.3163], [68.6326, 23.3176]]], [[[68.6399, 23.3185], [68.6399, 23.3182], [68.6401, 23.3182], [68.6401, 23.3179], [68.6399, 23.3185]]], [[[68.5885, 23.319], [68.5885, 23.3188], [68.5904, 23.3188], [68.5904, 23.3185], [68.5885, 23.319]]], [[[68.6318, 23.3213], [68.6318, 23.3201], [68.6321, 23.3201], [68.6321, 23.3193], [68.6318, 23.3213]]], [[[68.6271, 23.3218], [68.6271, 23.3215], [68.6276, 23.3215], [68.6276, 23.3213], [68.6271, 23.3218]]], [[[68.6268, 23.326], [68.6268, 23.3257], [68.6276, 23.3257], [68.6276, 23.3254], [68.6268, 23.326]]], [[[68.5421, 23.3415], [68.5421, 23.3413], [68.5424, 23.3413], [68.5424, 23.339], [68.5421, 23.3415]]], [[[68.5501, 23.3415], [68.5501, 23.3413], [68.5504, 23.3413], [68.5504, 23.341], [68.5501, 23.3415]]], [[[68.5537, 23.3418], [68.5548, 23.3418], [68.5548, 23.3418], [68.5565, 23.3418], [68.5537, 23.3418]]], [[[68.506, 23.3424], [68.5376, 23.3185], [68.5024, 23.3238], [68.506, 23.3424]]], [[[68.5251, 23.344], [68.5251, 23.3438], [68.529, 23.3438], [68.529, 23.3435], [68.5251, 23.344]]], [[[68.5643, 23.3446], [68.5643, 23.3443], [68.5646, 23.3443], [68.5646, 23.344], [68.5643, 23.3446]]], [[[68.6315, 23.3518], [68.6315, 23.3515], [68.6318, 23.3515], [68.6318, 23.351], [68.6315, 23.3518]]], [[[68.4732, 23.3568], [68.4732, 23.3565], [68.4735, 23.3565], [68.4735, 23.3563], [68.4732, 23.3568]]], [[[68.5735, 23.3604], [68.5735, 23.3601], [68.5738, 23.3601], [68.5738, 23.3599], [68.5735, 23.3604]]], [[[68.5979, 23.361], [68.5979, 23.3607], [68.599, 23.3607], [68.599, 23.3604], [68.5979, 23.361]]], [[[68.589, 23.3743], [68.6174, 23.3276], [68.5776, 23.3524], [68.5679, 23.3724], [68.589, 23.3743]]], [[[68.5407, 23.3776], [68.5407, 23.3774], [68.541, 23.3774], [68.541, 23.3771], [68.5407, 23.3776]]], [[[68.5029, 23.3835], [68.5029, 23.3832], [68.5032, 23.3832], [68.5032, 23.3826], [68.5029, 23.3835]]], [[[68.5051, 23.3838], [68.5051, 23.3813], [68.5049, 23.3813], [68.5049, 23.381], [68.5051, 23.3838]]], [[[68.5793, 23.3854], [68.5793, 23.3851], [68.5801, 23.3851], [68.5801, 23.3849], [68.5793, 23.3854]]], [[[68.5362, 23.3854], [68.5362, 23.3846], [68.5365, 23.3846], [68.5365, 23.3838], [68.5362, 23.3854]]], [[[68.5351, 23.3876], [68.5351, 23.3871], [68.5349, 23.3871], [68.5349, 23.3865], [68.5351, 23.3876]]], [[[68.554, 23.404], [68.554, 23.4038], [68.5565, 23.4038], [68.5565, 23.4032], [68.554, 23.404]]], [[[68.5374, 23.4046], [68.5674, 23.376], [68.5557, 23.3604], [68.5374, 23.4046]]], [[[68.461, 23.4051], [68.461, 23.4049], [68.4612, 23.4049], [68.4612, 23.4046], [68.461, 23.4051]]], [[[68.5235, 23.4046], [68.5235, 23.404], [68.5246, 23.404], [68.5246, 23.4035], [68.5235, 23.4046]]], [[[68.471, 23.4057], [68.471, 23.4054], [68.4724, 23.4054], [68.4724, 23.4049], [68.471, 23.4057]]], [[[68.4299, 23.4071], [68.4299, 23.4068], [68.431, 23.4068], [68.431, 23.4065], [68.4299, 23.4071]]], [[[68.4632, 23.409], [68.4632, 23.4068], [68.4635, 23.4068], [68.4635, 23.4063], [68.4632, 23.409]]], [[[68.409, 23.4093], [68.409, 23.409], [68.4093, 23.409], [68.4093, 23.4085], [68.409, 23.4093]]], [[[68.5579, 23.4093], [68.5579, 23.4088], [68.5576, 23.4088], [68.5576, 23.4082], [68.5579, 23.4093]]], [[[68.4146, 23.4099], [68.4146, 23.4096], [68.4149, 23.4096], [68.4149, 23.4093], [68.4146, 23.4099]]], [[[68.4607, 23.4126], [68.4607, 23.4124], [68.4618, 23.4124], [68.4618, 23.4121], [68.4607, 23.4126]]], [[[68.5496, 23.4137], [68.5496, 23.4132], [68.5493, 23.4132], [68.5493, 23.4129], [68.5496, 23.4137]]], [[[68.4007, 23.421], [68.4007, 23.4204], [68.401, 23.4204], [68.401, 23.4201], [68.4007, 23.421]]], [[[68.4021, 23.4232], [68.4021, 23.4226], [68.4024, 23.4226], [68.4024, 23.4218], [68.4021, 23.4232]]], [[[68.3999, 23.4285], [68.3999, 23.4282], [68.4001, 23.4282], [68.4001, 23.4279], [68.3999, 23.4285]]], [[[68.5018, 23.4321], [68.5018, 23.4313], [68.5015, 23.4313], [68.5015, 23.4307], [68.5018, 23.4321]]], [[[68.5168, 23.4329], [68.5168, 23.4326], [68.5171, 23.4326], [68.5171, 23.4315], [68.5168, 23.4329]]], [[[68.5007, 23.4363], [68.5007, 23.436], [68.501, 23.436], [68.501, 23.4354], [68.5007, 23.4363]]], [[[68.5012, 23.4438], [68.5012, 23.4435], [68.5021, 23.4435], [68.5021, 23.4432], [68.5012, 23.4438]]], [[[68.5012, 23.4535], [68.5012, 23.4529], [68.5015, 23.4529], [68.5015, 23.4524], [68.5012, 23.4535]]], [[[68.5068, 23.4565], [68.5257, 23.4363], [68.5029, 23.4293], [68.5068, 23.4565]]], [[[68.4079, 23.4579], [68.4079, 23.4574], [68.4082, 23.4574], [68.4082, 23.4571], [68.4079, 23.4579]]], [[[68.499, 23.476], [68.499, 23.4754], [68.4993, 23.4754], [68.4993, 23.474], [68.499, 23.476]]], [[[68.4729, 23.4804], [68.4949, 23.456], [68.4846, 23.4032], [68.4582, 23.4179], [68.4746, 23.4599], [68.4182, 23.4399], [68.4213, 23.4201], [68.4121, 23.4435], [68.4729, 23.4804]]], [[[68.4985, 23.489], [68.4985, 23.4885], [68.4982, 23.4885], [68.4982, 23.4879], [68.4985, 23.489]]], [[[68.5074, 23.4924], [68.5074, 23.4921], [68.5076, 23.4921], [68.5076, 23.4918], [68.5074, 23.4924]]], [[[68.5115, 23.4924], [68.5115, 23.4913], [68.5113, 23.4913], [68.5113, 23.4907], [68.5115, 23.4924]]], [[[68.4868, 23.4954], [68.4868, 23.4951], [68.4871, 23.4951], [68.4871, 23.4949], [68.4868, 23.4954]]], [[[68.4665, 23.4979], [68.4665, 23.4976], [68.4671, 23.4976], [68.4671, 23.4974], [68.4665, 23.4979]]], [[[68.4374, 23.5004], [68.4374, 23.5001], [68.4376, 23.5001], [68.4376, 23.5001], [68.4374, 23.5004]]], [[[68.4807, 23.5013], [68.4807, 23.501], [68.4812, 23.501], [68.4812, 23.5007], [68.4807, 23.5013]]], [[[68.4679, 23.524], [68.4679, 23.5232], [68.4682, 23.5232], [68.4682, 23.5229], [68.4679, 23.524]]], [[[68.4751, 23.5288], [68.4751, 23.5285], [68.476, 23.5285], [68.476, 23.5279], [68.4751, 23.5288]]], [[[68.4735, 23.5371], [68.4735, 23.5365], [68.4737, 23.5365], [68.4737, 23.5363], [68.4735, 23.5371]]], [[[68.4824, 23.5504], [68.4824, 23.5499], [68.4826, 23.5499], [68.4826, 23.5496], [68.4824, 23.5504]]], [[[68.4796, 23.5549], [68.4796, 23.5543], [68.4799, 23.5543], [68.4799, 23.5538], [68.4796, 23.5549]]], [[[68.2235, 23.5863], [68.2235, 23.586], [68.2257, 23.586], [68.2257, 23.5857], [68.2235, 23.5863]]], [[[68.2551, 23.5901], [68.2551, 23.5899], [68.2554, 23.5899], [68.2554, 23.589], [68.2551, 23.5901]]], [[[68.2162, 23.5912], [68.2162, 23.5907], [68.2165, 23.5907], [68.2165, 23.5901], [68.2162, 23.5912]]], [[[68.4821, 23.5968], [68.4812, 23.5613], [68.4304, 23.5077], [68.4354, 23.5571], [68.4821, 23.5968]]], [[[68.4585, 23.6004], [68.4585, 23.6001], [68.4615, 23.6001], [68.4615, 23.5999], [68.4585, 23.6004]]], [[[68.481, 23.6065], [68.482, 23.6065], [68.4821, 23.6065], [68.4821, 23.6064], [68.481, 23.6065]]], [[[68.4563, 23.6249], [68.4665, 23.601], [68.4404, 23.5865], [68.4346, 23.6163], [68.4563, 23.6249]]], [[[68.4846, 23.6279], [68.491, 23.6043], [68.4682, 23.5926], [68.4846, 23.6279]]], [[[68.4779, 23.7224], [68.4779, 23.7221], [68.479, 23.7221], [68.479, 23.7218], [68.4779, 23.7224]]], [[[68.4496, 23.7323], [68.4496, 23.7315], [68.4499, 23.7315], [68.4499, 23.7318], [68.4496, 23.7323]]], [[[68.4674, 23.7399], [68.4876, 23.729], [68.4593, 23.7249], [68.4674, 23.7399]]], [[[68.4868, 23.746], [68.4868, 23.7451], [68.4865, 23.7451], [68.4865, 23.7432], [68.4868, 23.746]]], [[[68.2165, 23.7793], [68.2165, 23.7788], [68.2174, 23.7788], [68.2174, 23.7785], [68.2165, 23.7793]]], [[[68.3493, 23.8001], [68.3493, 23.799], [68.349, 23.799], [68.349, 23.7932], [68.3493, 23.8001]]], [[[68.3585, 23.8051], [68.4262, 23.7949], [68.3993, 23.751], [68.4174, 23.7604], [68.4185, 23.7243], [68.3904, 23.6543], [68.3754, 23.6432], [68.3896, 23.686], [68.3468, 23.5982], [68.3149, 23.5832], [68.2743, 23.5918], [68.2926, 23.6001], [68.2779, 23.6313], [68.3068, 23.6307], [68.2771, 23.6326], [68.264, 23.6024], [68.2421, 23.6063], [68.2501, 23.5907], [68.1971, 23.5971], [68.2046, 23.6476], [68.3118, 23.6501], [68.2312, 23.6435], [68.2696, 23.6496], [68.3185, 23.7182], [68.334, 23.711], [68.3585, 23.8051]]], [[[68.6051, 23.8096], [68.6051, 23.8093], [68.6057, 23.8093], [68.6057, 23.8088], [68.6051, 23.8096]]], [[[68.5965, 23.8126], [68.5965, 23.8121], [68.5963, 23.8121], [68.5963, 23.8118], [68.5965, 23.8126]]], [[[68.3079, 23.8237], [68.3243, 23.7343], [68.2913, 23.7276], [68.2857, 23.7546], [68.2946, 23.7232], [68.274, 23.7013], [68.2574, 23.716], [68.2676, 23.7724], [68.3079, 23.8237]]], [[[68.4979, 23.8307], [68.5199, 23.8179], [68.4985, 23.7946], [68.5168, 23.7546], [68.4896, 23.7596], [68.5074, 23.7485], [68.4876, 23.7371], [68.4654, 23.7754], [68.4768, 23.7407], [68.4374, 23.7393], [68.4479, 23.8065], [68.4979, 23.8307]]], [[[68.7071, 23.8512], [68.7071, 23.851], [68.7087, 23.851], [68.7087, 23.8507], [68.7071, 23.8512]]], [[[68.6993, 23.8532], [68.6993, 23.8529], [68.7001, 23.8529], [68.7001, 23.8526], [68.6993, 23.8532]]], [[[68.5332, 23.8738], [68.5332, 23.8726], [68.5335, 23.8726], [68.5335, 23.8724], [68.5332, 23.8738]]], [[[68.3957, 23.8782], [68.4393, 23.839], [68.4265, 23.8104], [68.4115, 23.821], [68.4054, 23.7932], [68.3796, 23.8382], [68.4015, 23.7904], [68.3551, 23.811], [68.3301, 23.7874], [68.3443, 23.8393], [68.3957, 23.8782]]], [[[68.2482, 23.8804], [68.234, 23.8429], [68.216, 23.8476], [68.2482, 23.8804]]], [[[68.4493, 23.9385], [68.4421, 23.8704], [68.4196, 23.871], [68.4224, 23.8949], [68.4171, 23.8724], [68.3774, 23.8765], [68.3499, 23.8463], [68.3676, 23.8907], [68.3529, 23.9007], [68.4493, 23.9385]]], [[[68.5354, 23.946], [68.5888, 23.9168], [68.5171, 23.8565], [68.486, 23.8899], [68.5257, 23.8926], [68.5354, 23.946]]], [[[68.5257, 23.9495], [68.5257, 23.9493], [68.526, 23.9493], [68.526, 23.9485], [68.5257, 23.9495]]], [[[68.4976, 23.9675], [68.5185, 23.9243], [68.4674, 23.8946], [68.4718, 23.8615], [68.4324, 23.8521], [68.4629, 23.9318], [68.4282, 23.9365], [68.4368, 23.9574], [68.4976, 23.9675]]], [[[68.3585, 23.975], [68.4326, 23.9599], [68.409, 23.9243], [68.3465, 23.904], [68.3374, 23.819], [68.3037, 23.8246], [68.2657, 23.7929], [68.2668, 23.6918], [68.2385, 23.681], [68.1926, 23.731], [68.2343, 23.7749], [68.2129, 23.8346], [68.2454, 23.8538], [68.2604, 23.8249], [68.2874, 23.8393], [68.2496, 23.8487], [68.2579, 23.8707], [68.3176, 23.8804], [68.2613, 23.8865], [68.2835, 23.9204], [68.3382, 23.9204], [68.3585, 23.975]]], [[[74.6969, 13.3278], [74.6956, 13.3267], [74.6938, 13.3268], [74.6922, 13.3284], [74.6969, 13.3278]]], [[[74.6912, 13.3365], [74.6899, 13.3354], [74.688, 13.3355], [74.6865, 13.3371], [74.6912, 13.3365]]], [[[74.6852, 13.3452], [74.6838, 13.344], [74.682, 13.3442], [74.6805, 13.3458], [74.6852, 13.3452]]], [[[74.675, 13.3764], [74.6741, 13.3759], [74.672, 13.3764], [74.6684, 13.3783], [74.675, 13.3764]]], [[[74.7429, 13.6397], [74.7392, 13.6392], [74.7348, 13.6395], [74.7309, 13.6401], [74.7429, 13.6397]]], [[[74.688, 13.6528], [74.6838, 13.6522], [74.6804, 13.6532], [74.679, 13.6539], [74.688, 13.6528]]], [[[74.4848, 14.0109], [74.4837, 14.0102], [74.4834, 14.0105], [74.4812, 14.0101], [74.4848, 14.0109]]], [[[74.3322, 14.0152], [74.3311, 14.0143], [74.3285, 14.0148], [74.3277, 14.0151], [74.3322, 14.0152]]], [[[74.4896, 14.0238], [74.4879, 14.0224], [74.4863, 14.0224], [74.4849, 14.0236], [74.4896, 14.0238]]], [[[74.4743, 14.0849], [74.472, 14.0838], [74.4706, 14.0838], [74.469, 14.0852], [74.4743, 14.0849]]], [[[74.4703, 14.276], [74.4738, 14.2754], [74.4782, 14.2762], [74.4789, 14.276], [74.4703, 14.276]]], [[[74.4016, 14.3112], [74.3991, 14.3103], [74.3971, 14.3111], [74.3953, 14.3123], [74.4016, 14.3112]]], [[[74.3991, 14.4613], [74.3977, 14.4611], [74.3924, 14.4629], [74.3907, 14.4689], [74.3991, 14.4613]]], [[[74.0875, 14.7897], [74.0845, 14.7875], [74.0816, 14.7883], [74.0798, 14.7904], [74.0875, 14.7897]]], [[[74.0583, 14.8157], [74.0568, 14.8121], [74.0535, 14.8122], [74.051, 14.815], [74.0583, 14.8157]]], [[[74.094, 14.8316], [74.0926, 14.828], [74.0893, 14.8281], [74.0867, 14.8309], [74.094, 14.8316]]], [[[74.1004, 14.8384], [74.0994, 14.8377], [74.0974, 14.838], [74.0952, 14.839], [74.1004, 14.8384]]], [[[74.0969, 14.8722], [74.0954, 14.8686], [74.0921, 14.8686], [74.0896, 14.8715], [74.0969, 14.8722]]], [[[74.1952, 14.8711], [74.1918, 14.8702], [74.1894, 14.8702], [74.1866, 14.8726], [74.1952, 14.8711]]], [[[74.1013, 11.2043], [74.0007, 11.2502], [73.9651, 11.306], [73.9727, 11.3437], [74.0121, 11.3485], [74.09, 11.2978], [74.1228, 11.2392], [74.1013, 11.2043]]], [[[71.8449, 11.8355], [71.7837, 11.8344], [71.761, 11.8723], [71.7315, 11.9544], [71.7734, 12.0035], [71.8449, 11.8355]]], [[[72.2649, 10.0113], [72.2359, 10.0148], [72.2436, 10.0542], [72.3296, 10.1391], [72.3343, 10.0788], [72.2649, 10.0113]]], [[[72.1788, 11.4913], [72.1486, 11.5013], [72.1374, 11.5431], [72.1744, 11.6067], [72.1953, 11.5883], [72.1971, 11.4992], [72.1788, 11.4913]]], [[[72.0956, 11.1924], [72.0546, 11.1214], [72.0009, 11.1939], [72.0671, 11.1929], [72.1001, 11.2221], [72.0956, 11.1924]]], [[[71.9009, 12.2853], [71.8795, 12.3894], [71.8967, 12.4032], [71.9266, 12.3739], [71.9009, 12.2853]]], [[[73.0627, 8.329], [73.0852, 8.3274], [73.0692, 8.2821], [73.0472, 8.2606], [73.0105, 8.2701], [73.0103, 8.3025], [73.0627, 8.329]]], [[[73.6459, 10.0534], [73.62, 10.1019], [73.6602, 10.155], [73.6459, 10.0534]]], [[[72.6471, 10.5778], [72.6473, 10.5776], [72.6474, 10.5776], [72.6477, 10.5775], [72.6471, 10.5778]]], [[[73.67, 10.8169], [73.7039, 10.8115], [73.6652, 10.8009], [73.67, 10.8169]]], [[[72.17, 10.8087], [72.1694, 10.8087], [72.1688, 10.8088], [72.1678, 10.8093], [72.17, 10.8087]]], [[[72.7912, 11.2591], [72.7915, 11.2589], [72.7917, 11.2588], [72.7919, 11.2586], [72.7912, 11.2591]]], [[[73.0094, 11.467], [73.0089, 11.4669], [73.0086, 11.4669], [73.0086, 11.467], [73.0094, 11.467]]], [[[72.7189, 11.6952], [72.7189, 11.6945], [72.7189, 11.6941], [72.7186, 11.6925], [72.7189, 11.6952]]], [[[72.7219, 11.1115], [72.7216, 11.1114], [72.7211, 11.1114], [72.7209, 11.1115], [72.7219, 11.1115]]], [[[72.2915, 10.9451], [72.2919, 10.9451], [72.2925, 10.9451], [72.293, 10.9451], [72.2915, 10.9451]]], [[[72.3272, 10.9491], [72.3269, 10.9489], [72.3266, 10.9487], [72.3261, 10.9483], [72.3272, 10.9491]]], [[[72.5344, 10.7797], [72.5318, 10.7792], [72.531, 10.7798], [72.5314, 10.7808], [72.5344, 10.7797]]], [[[72.3342, 10.9508], [72.3341, 10.9506], [72.334, 10.9505], [72.3339, 10.9504], [72.3342, 10.9508]]], [[[72.335, 10.9546], [72.3348, 10.9545], [72.3346, 10.9545], [72.3345, 10.9545], [72.335, 10.9546]]], [[[72.3347, 10.9536], [72.3348, 10.9536], [72.3349, 10.9536], [72.3349, 10.9537], [72.3347, 10.9536]]], [[[73.4627, 16.0371], [73.4618, 16.0357], [73.4565, 16.0378], [73.4558, 16.0417], [73.4627, 16.0371]]], [[[73.387, 16.6159], [73.3854, 16.6158], [73.3842, 16.616], [73.3835, 16.616], [73.387, 16.6159]]], [[[72.7296, 19.4643], [72.7343, 19.462], [72.7357, 19.4589], [72.736, 19.4578], [72.7296, 19.4643]]], [[[78.1919, 8.7273], [78.19, 8.7273], [78.188, 8.7281], [78.1867, 8.7298], [78.1919, 8.7273]]], [[[78.2169, 8.8307], [78.2151, 8.8298], [78.2141, 8.8299], [78.2139, 8.8293], [78.2169, 8.8307]]], [[[78.2333, 8.8608], [78.2311, 8.8594], [78.2285, 8.8595], [78.2283, 8.86], [78.2333, 8.8608]]], [[[78.2549, 8.9445], [78.2524, 8.9445], [78.2517, 8.9462], [78.251, 8.9471], [78.2549, 8.9445]]], [[[78.4967, 9.0847], [78.4954, 9.0816], [78.4924, 9.0839], [78.4887, 9.0865], [78.4967, 9.0847]]], [[[78.5394, 9.1014], [78.538, 9.1002], [78.5369, 9.1005], [78.5337, 9.1009], [78.5394, 9.1014]]], [[[78.5766, 9.0992], [78.5716, 9.0977], [78.5672, 9.0992], [78.5671, 9.1006], [78.5766, 9.0992]]], [[[79.487, 9.1103], [79.4854, 9.1102], [79.4829, 9.1111], [79.4825, 9.1122], [79.487, 9.1103]]], [[[79.4771, 9.1143], [79.4744, 9.1143], [79.4729, 9.1158], [79.4718, 9.1173], [79.4771, 9.1143]]], [[[79.4671, 9.1251], [79.4658, 9.1246], [79.4627, 9.1249], [79.458, 9.1256], [79.4671, 9.1251]]], [[[78.6989, 9.1463], [78.6973, 9.1451], [78.6948, 9.146], [78.6945, 9.1485], [78.6989, 9.1463]]], [[[79.4369, 9.1466], [79.4332, 9.1465], [79.4305, 9.148], [79.4294, 9.1495], [79.4369, 9.1466]]], [[[78.7329, 9.1497], [78.7306, 9.1495], [78.7282, 9.1498], [78.727, 9.1505], [78.7329, 9.1497]]], [[[78.7622, 9.1563], [78.76, 9.1545], [78.7561, 9.1553], [78.7554, 9.1555], [78.7622, 9.1563]]], [[[78.7054, 9.1558], [78.7029, 9.1557], [78.7003, 9.1578], [78.6993, 9.1591], [78.7054, 9.1558]]], [[[78.8291, 9.171], [78.8293, 9.1694], [78.8281, 9.1655], [78.8248, 9.1623], [78.8291, 9.171]]], [[[78.7096, 9.1738], [78.7076, 9.1737], [78.705, 9.1744], [78.704, 9.1764], [78.7096, 9.1738]]], [[[78.9393, 9.1874], [78.9393, 9.1858], [78.9398, 9.1856], [78.9401, 9.184], [78.9393, 9.1874]]], [[[78.9684, 9.181], [78.9677, 9.1809], [78.9663, 9.1811], [78.9626, 9.1826], [78.9684, 9.181]]], [[[79.0873, 9.1928], [79.0855, 9.1912], [79.0812, 9.1918], [79.0746, 9.1945], [79.0873, 9.1928]]], [[[79.1335, 9.2102], [79.1323, 9.21], [79.1282, 9.2105], [79.127, 9.2106], [79.1335, 9.2102]]], [[[79.1991, 9.2294], [79.1975, 9.2294], [79.1964, 9.2297], [79.1956, 9.2322], [79.1991, 9.2294]]], [[[79.1875, 9.231], [79.1861, 9.231], [79.1845, 9.232], [79.184, 9.2342], [79.1875, 9.231]]], [[[79.1807, 9.2406], [79.1794, 9.2406], [79.1775, 9.2409], [79.1767, 9.2423], [79.1807, 9.2406]]], [[[79.212, 9.2432], [79.2087, 9.2426], [79.2069, 9.2428], [79.207, 9.2457], [79.212, 9.2432]]], [[[79.3272, 9.2965], [79.3362, 9.249], [79.4243, 9.1668], [79.309, 9.2426], [79.2198, 9.2583], [79.2106, 9.2892], [79.2707, 9.2935], [79.3168, 9.3249], [79.3272, 9.2965]]], [[[80.3212, 13.392], [80.3207, 13.3909], [80.3193, 13.3912], [80.319, 13.391], [80.3212, 13.392]]], [[[80.3052, 13.4215], [80.3074, 13.4199], [80.3076, 13.4202], [80.3076, 13.4194], [80.3052, 13.4215]]], [[[80.3193, 13.4139], [80.3184, 13.4134], [80.3161, 13.4138], [80.3137, 13.415], [80.3193, 13.4139]]], [[[80.3202, 13.4382], [80.3181, 13.4377], [80.317, 13.439], [80.3165, 13.4402], [80.3202, 13.4382]]], [[[88.0186, 21.5728], [88.0189, 21.5725], [88.0194, 21.5725], [88.0197, 21.5722], [88.0186, 21.5728]]], [[[88.4977, 21.5998], [88.5339, 21.5781], [88.5314, 21.5425], [88.5061, 21.5411], [88.5031, 21.5653], [88.5042, 21.5445], [88.4817, 21.5547], [88.4977, 21.5998]]], [[[88.1778, 21.6011], [88.1778, 21.6008], [88.1781, 21.6008], [88.1783, 21.6006], [88.1778, 21.6011]]], [[[88.8347, 21.6072], [88.9036, 21.5558], [88.8428, 21.5539], [88.8347, 21.6072]]], [[[88.7289, 21.6371], [88.7572, 21.599], [88.7358, 21.5717], [88.7072, 21.5942], [88.7289, 21.6371]]], [[[88.5372, 21.6386], [88.5875, 21.6019], [88.55, 21.5636], [88.537, 21.587], [88.5567, 21.6044], [88.5369, 21.5884], [88.51, 21.6022], [88.5241, 21.6529], [88.5372, 21.6386]]], [[[88.8924, 21.6521], [88.8926, 21.6517], [88.8929, 21.6514], [88.8938, 21.6506], [88.8924, 21.6521]]], [[[88.7742, 21.6483], [88.7981, 21.5917], [88.7519, 21.5767], [88.7296, 21.64], [88.7742, 21.6483]]], [[[88.9658, 21.6415], [88.993, 21.6402], [88.9878, 21.6131], [88.9559, 21.6176], [88.9397, 21.6467], [88.9552, 21.6771], [88.9658, 21.6415]]], [[[88.6344, 21.6567], [88.6342, 21.6564], [88.6339, 21.6564], [88.6338, 21.6563], [88.6344, 21.6567]]], [[[88.5769, 21.6917], [88.6022, 21.6206], [88.554, 21.6395], [88.5769, 21.6917]]], [[[88.5919, 21.6942], [88.6063, 21.68], [88.5885, 21.6573], [88.5919, 21.6942]]], [[[88.9845, 21.7057], [88.9879, 21.653], [89.0228, 21.654], [89.0288, 21.6048], [89.0, 21.6017], [88.9924, 21.6441], [88.964, 21.6457], [88.9508, 21.7007], [88.9845, 21.7057]]], [[[88.8067, 21.7067], [88.7969, 21.6553], [88.7306, 21.6847], [88.8067, 21.7067]]], [[[88.3111, 21.7064], [88.3461, 21.6886], [88.3581, 21.6475], [88.3153, 21.6081], [88.3111, 21.7064]]], [[[88.454, 21.7093], [88.4707, 21.673], [88.4422, 21.615], [88.4186, 21.6826], [88.454, 21.7093]]], [[[88.6971, 21.7129], [88.7514, 21.6487], [88.7229, 21.6386], [88.687, 21.6833], [88.6971, 21.7129]]], [[[88.2045, 21.7212], [88.2166, 21.7005], [88.1956, 21.6819], [88.2317, 21.6436], [88.2119, 21.6017], [88.1814, 21.6861], [88.2045, 21.7212]]], [[[89.0591, 21.722], [89.095, 21.644], [89.0516, 21.6175], [89.0098, 21.7049], [89.0591, 21.722]]], [[[88.978, 21.7269], [89.0205, 21.7136], [89.0078, 21.6522], [88.9901, 21.6541], [88.978, 21.7269]]], [[[88.5457, 21.7361], [88.5708, 21.7325], [88.5907, 21.6906], [88.543, 21.7239], [88.5742, 21.694], [88.5528, 21.7028], [88.5692, 21.6694], [88.5509, 21.6365], [88.5172, 21.7108], [88.5457, 21.7361]]], [[[88.1956, 21.7245], [88.195, 21.7242], [88.1947, 21.7245], [88.1947, 21.7256], [88.1956, 21.7245]]], [[[88.8831, 21.7453], [88.9403, 21.6953], [88.9208, 21.6322], [88.8731, 21.6944], [88.8831, 21.7453]]], [[[88.4123, 21.7313], [88.4319, 21.6274], [88.3986, 21.5956], [88.3797, 21.6808], [88.4039, 21.7152], [88.3686, 21.7273], [88.395, 21.755], [88.4123, 21.7313]]], [[[88.2209, 21.7622], [88.272, 21.7544], [88.2621, 21.7302], [88.3103, 21.6764], [88.2917, 21.5631], [88.2483, 21.5639], [88.2164, 21.6164], [88.2333, 21.6681], [88.1978, 21.6892], [88.2204, 21.7], [88.2209, 21.7622]]], [[[88.9271, 21.762], [88.9875, 21.7447], [88.9694, 21.7228], [88.9833, 21.7058], [88.9228, 21.7197], [88.9271, 21.762]]], [[[88.3654, 21.7642], [88.3653, 21.7222], [88.3981, 21.7133], [88.3606, 21.6864], [88.3375, 21.7108], [88.3428, 21.7544], [88.3654, 21.7642]]], [[[89.0051, 21.765], [89.0593, 21.7259], [89.0174, 21.7178], [89.0051, 21.765]]], [[[88.8317, 21.7661], [88.8653, 21.7586], [88.8392, 21.7069], [88.86, 21.6372], [88.8442, 21.627], [88.8286, 21.6506], [88.8458, 21.62], [88.8089, 21.6388], [88.815, 21.71], [88.7625, 21.7014], [88.7908, 21.7492], [88.8317, 21.7661]]], [[[88.3849, 21.7644], [88.3867, 21.7407], [88.3624, 21.7323], [88.3849, 21.7644]]], [[[88.2005, 21.7686], [88.2006, 21.7681], [88.2008, 21.7678], [88.2008, 21.7675], [88.2005, 21.7686]]], [[[88.2828, 21.765], [88.2825, 21.765], [88.2825, 21.7653], [88.2806, 21.7672], [88.2828, 21.765]]], [[[87.9452, 21.7451], [87.9405, 21.743], [87.9373, 21.743], [87.9344, 21.7436], [87.9452, 21.7451]]], [[[87.884, 21.7445], [87.8807, 21.744], [87.879, 21.7445], [87.8789, 21.7488], [87.884, 21.7445]]], [[[88.5822, 21.7778], [88.6164, 21.7276], [88.5797, 21.7258], [88.5822, 21.7778]]], [[[88.3025, 21.7246], [88.2973, 21.7056], [88.278, 21.7282], [88.2889, 21.7785], [88.3025, 21.7246]]], [[[88.5053, 21.783], [88.5039, 21.7814], [88.5038, 21.7814], [88.5037, 21.7813], [88.5053, 21.783]]], [[[88.9997, 21.7855], [89.0043, 21.7161], [88.9511, 21.7578], [88.9997, 21.7855]]], [[[88.6097, 21.7903], [88.6308, 21.7425], [88.6089, 21.7081], [88.6231, 21.7367], [88.5863, 21.7566], [88.6097, 21.7903]]], [[[88.274, 21.7908], [88.2746, 21.7906], [88.2754, 21.7907], [88.2761, 21.7906], [88.274, 21.7908]]], [[[88.1833, 21.7875], [88.1822, 21.7864], [88.1819, 21.7864], [88.1818, 21.7862], [88.1833, 21.7875]]], [[[88.4586, 21.7887], [88.475, 21.7914], [88.4672, 21.7372], [88.4331, 21.7045], [88.4234, 21.7677], [88.4586, 21.7887]]], [[[88.7162, 21.8074], [88.7767, 21.7211], [88.7359, 21.7193], [88.7628, 21.6929], [88.7293, 21.6868], [88.748, 21.6583], [88.695, 21.7439], [88.7162, 21.8074]]], [[[88.1711, 21.8086], [88.1722, 21.8075], [88.1722, 21.8072], [88.1725, 21.8069], [88.1711, 21.8086]]], [[[88.5446, 21.8103], [88.5722, 21.7878], [88.5725, 21.7356], [88.5194, 21.7192], [88.5044, 21.7574], [88.5353, 21.792], [88.5042, 21.7708], [88.5446, 21.8103]]], [[[88.4218, 21.8111], [88.4427, 21.7997], [88.4228, 21.7198], [88.3827, 21.7791], [88.4218, 21.8111]]], [[[88.9996, 21.8117], [89.0165, 21.812], [89.0237, 21.7591], [88.9988, 21.7669], [88.9996, 21.8117]]], [[[88.7506, 21.7954], [88.7461, 21.7722], [88.7283, 21.7797], [88.7496, 21.8138], [88.7506, 21.7954]]], [[[88.8281, 21.804], [88.8303, 21.7667], [88.7908, 21.75], [88.7972, 21.7906], [88.8212, 21.8227], [88.8281, 21.804]]], [[[88.7875, 21.745], [88.7567, 21.7334], [88.7498, 21.7696], [88.7821, 21.8252], [88.7875, 21.745]]], [[[88.9158, 21.8258], [88.9372, 21.8167], [88.8978, 21.7519], [88.9069, 21.7942], [88.8831, 21.8081], [88.9158, 21.8258]]], [[[88.1819, 21.8258], [88.1825, 21.8253], [88.1825, 21.8239], [88.1828, 21.8236], [88.1819, 21.8258]]], [[[88.56, 21.8269], [88.5599, 21.8268], [88.5592, 21.8261], [88.5586, 21.8256], [88.56, 21.8269]]], [[[88.4849, 21.8347], [88.4961, 21.8078], [88.4531, 21.8057], [88.4849, 21.8347]]], [[[88.9414, 21.8472], [88.9767, 21.8206], [88.9403, 21.7931], [88.9589, 21.7708], [88.9142, 21.7556], [88.9414, 21.8472]]], [[[88.5922, 21.85], [88.6181, 21.8292], [88.6142, 21.7981], [88.576, 21.817], [88.5922, 21.85]]], [[[88.52, 21.8546], [88.5205, 21.8542], [88.5208, 21.8542], [88.5214, 21.8536], [88.52, 21.8546]]], [[[88.538, 21.8536], [88.5371, 21.8532], [88.5366, 21.8533], [88.5365, 21.8537], [88.538, 21.8536]]], [[[88.3311, 21.8607], [88.38, 21.7873], [88.3171, 21.7089], [88.3109, 21.7956], [88.2939, 21.8028], [88.3103, 21.7935], [88.296, 21.7741], [88.2598, 21.8042], [88.3311, 21.8607]]], [[[88.8561, 21.8653], [88.9133, 21.7278], [88.835, 21.7817], [88.8561, 21.8653]]], [[[88.5827, 21.8656], [88.5825, 21.8655], [88.5822, 21.8655], [88.5819, 21.8656], [88.5827, 21.8656]]], [[[88.1369, 21.875], [88.1725, 21.812], [88.1707, 21.7424], [88.1434, 21.6796], [88.1547, 21.65], [88.1092, 21.6258], [88.0417, 21.6492], [88.0367, 21.675], [88.1369, 21.875]]], [[[88.7892, 21.8786], [88.8297, 21.8622], [88.795, 21.7914], [88.7658, 21.8289], [88.7892, 21.8786]]], [[[88.9791, 21.8935], [89.0289, 21.8658], [89.0248, 21.8492], [88.9892, 21.8681], [89.03, 21.8345], [88.9705, 21.7751], [88.9428, 21.7865], [88.9766, 21.8051], [88.9503, 21.8381], [88.9791, 21.8935]]], [[[88.6217, 21.8978], [88.6535, 21.8677], [88.6389, 21.7847], [88.5947, 21.8544], [88.6217, 21.8978]]], [[[88.1373, 21.8951], [88.1366, 21.8944], [88.136, 21.8945], [88.1359, 21.8953], [88.1373, 21.8951]]], [[[88.8169, 21.9011], [88.8408, 21.8869], [88.8294, 21.8647], [88.8003, 21.8706], [88.8169, 21.9011]]], [[[88.5623, 21.8975], [88.5727, 21.8584], [88.551, 21.8173], [88.5306, 21.8492], [88.5412, 21.9026], [88.5623, 21.8975]]], [[[88.4244, 21.9058], [88.4247, 21.9058], [88.4249, 21.9054], [88.425, 21.9053], [88.4244, 21.9058]]], [[[88.4465, 21.9049], [88.4821, 21.8878], [88.4902, 21.8564], [88.4481, 21.8153], [88.4615, 21.7898], [88.424, 21.8124], [88.4015, 21.798], [88.3925, 21.8326], [88.419, 21.9024], [88.4465, 21.9049]]], [[[88.7181, 21.9072], [88.7806, 21.8594], [88.7578, 21.7811], [88.7517, 21.8153], [88.7258, 21.7944], [88.7075, 21.8114], [88.7281, 21.8375], [88.6967, 21.8381], [88.7181, 21.9072]]], [[[88.1081, 21.8933], [88.1086, 21.8928], [88.1089, 21.8928], [88.1097, 21.8919], [88.1081, 21.8933]]], [[[88.505, 21.9125], [88.5078, 21.9125], [88.5081, 21.9122], [88.5086, 21.9122], [88.505, 21.9125]]], [[[88.4525, 21.9063], [88.452, 21.9061], [88.4517, 21.9059], [88.4509, 21.9061], [88.4525, 21.9063]]], [[[88.64, 21.9217], [88.6675, 21.9117], [88.6345, 21.8706], [88.64, 21.9217]]], [[[88.1348, 21.9267], [88.1294, 21.8989], [88.1161, 21.9183], [88.1348, 21.9267]]], [[[88.8366, 21.9179], [88.9152, 21.9282], [88.9739, 21.8978], [88.9767, 21.8675], [88.9556, 21.8539], [88.9433, 21.8847], [88.9472, 21.8406], [88.9069, 21.8789], [88.9392, 21.85], [88.888, 21.8122], [88.8366, 21.9179]]], [[[88.7236, 21.9319], [88.7994, 21.9197], [88.8081, 21.8844], [88.7761, 21.8697], [88.7189, 21.9092], [88.7236, 21.9319]]], [[[88.1633, 21.9372], [88.1636, 21.9369], [88.1641, 21.937], [88.1644, 21.9367], [88.1633, 21.9372]]], [[[88.7454, 21.9797], [88.7994, 21.9259], [88.7333, 21.9247], [88.7237, 21.9738], [88.7454, 21.9797]]], [[[88.7592, 21.9986], [88.7592, 21.9972], [88.7589, 21.9969], [88.7589, 21.9967], [88.7592, 21.9986]]], [[[88.66, 22.0192], [88.7158, 22.0006], [88.6931, 21.9698], [88.6867, 21.9911], [88.6782, 21.9429], [88.6286, 21.958], [88.66, 22.0192]]], [[[88.1414, 22.0264], [88.0875, 21.9328], [88.0472, 21.9117], [88.0733, 21.9953], [88.1414, 22.0264]]], [[[88.8128, 22.0194], [88.9025, 22.0117], [88.9073, 21.9295], [88.8566, 21.9191], [88.7525, 21.9561], [88.7533, 21.9853], [88.8003, 21.9705], [88.7536, 21.9881], [88.7617, 22.0149], [88.8128, 22.0194]]], [[[88.7314, 22.0452], [88.7328, 22.0436], [88.7334, 22.0436], [88.7334, 22.0431], [88.7314, 22.0452]]], [[[88.7638, 22.0517], [88.791, 22.0294], [88.7617, 22.0214], [88.7638, 22.0517]]], [[[88.9028, 22.0453], [88.8917, 22.0147], [88.852, 22.0412], [88.9028, 22.0453]]], [[[88.0314, 22.0606], [88.0314, 22.0594], [88.0311, 22.0592], [88.0308, 22.0592], [88.0314, 22.0606]]], [[[89.0162, 22.0509], [89.0736, 22.0042], [89.0598, 21.932], [88.9996, 21.9495], [89.0325, 22.0021], [88.9924, 21.9736], [88.9756, 21.9914], [88.9994, 22.0071], [88.9745, 21.9936], [88.9849, 22.0549], [89.0162, 22.0509]]], [[[88.6358, 22.0508], [88.6361, 22.0506], [88.6361, 22.0503], [88.6364, 22.05], [88.6358, 22.0508]]], [[[88.8119, 22.0608], [88.8322, 22.0272], [88.7802, 22.0378], [88.8119, 22.0608]]], [[[88.8706, 22.0789], [88.8903, 22.0478], [88.836, 22.0255], [88.8456, 22.0617], [88.82, 22.0642], [88.8706, 22.0789]]], [[[88.6901, 22.08], [88.6899, 22.08], [88.6895, 22.0803], [88.6895, 22.0808], [88.6901, 22.08]]], [[[88.9041, 22.0842], [88.871, 22.0644], [88.8702, 22.0869], [88.9041, 22.0842]]], [[[88.7223, 22.0991], [88.7223, 22.0986], [88.7214, 22.0978], [88.7209, 22.0977], [88.7223, 22.0991]]], [[[88.8035, 22.0853], [88.8343, 22.065], [88.7484, 22.0574], [88.7838, 22.1069], [88.8035, 22.0853]]], [[[88.8179, 22.123], [88.8675, 22.0825], [88.8381, 22.0731], [88.8192, 22.1044], [88.8059, 22.0848], [88.8179, 22.123]]], [[[88.7293, 22.1136], [88.7289, 22.1132], [88.7285, 22.1132], [88.7281, 22.1133], [88.7293, 22.1136]]], [[[88.8651, 22.167], [88.8999, 22.1481], [88.9157, 22.0903], [88.8922, 22.1144], [88.895, 22.0912], [88.8723, 22.0878], [88.8307, 22.1271], [88.8651, 22.167]]], [[[88.95, 22.1892], [88.9849, 22.1271], [88.9689, 22.0826], [88.9505, 22.1042], [88.9669, 22.0786], [88.9246, 22.0646], [88.9239, 22.0242], [88.9461, 22.0], [88.9349, 22.0551], [88.964, 22.0566], [88.9725, 21.9878], [89.0135, 21.9791], [88.9909, 21.9519], [89.0213, 21.9217], [89.0126, 21.902], [88.9688, 21.9211], [88.9764, 21.9461], [88.9661, 21.9229], [88.9359, 21.9365], [88.9127, 21.9944], [88.9014, 22.0653], [88.9403, 22.128], [88.9132, 22.13], [88.8939, 22.1697], [88.9197, 22.1611], [88.95, 22.1892]]], [[[89.0019, 22.1992], [89.0505, 22.1306], [89.0146, 22.114], [89.0355, 22.1093], [89.0382, 22.0534], [89.0234, 22.0788], [89.026, 22.0529], [88.9779, 22.0399], [88.9624, 22.0605], [88.9969, 22.138], [88.9727, 22.1934], [89.0019, 22.1992]]], [[[88.6952, 22.2086], [88.7892, 22.1694], [88.6831, 22.0808], [88.7357, 22.0316], [88.721, 22.0053], [88.6638, 22.0238], [88.6342, 22.1062], [88.6952, 22.2086]]], [[[88.8447, 22.1892], [88.8641, 22.1967], [88.8678, 22.1703], [88.8434, 22.1677], [88.8559, 22.1445], [88.7776, 22.1112], [88.7392, 22.057], [88.7047, 22.065], [88.7492, 22.135], [88.8092, 22.1794], [88.8383, 22.167], [88.8281, 22.208], [88.8447, 22.1892]]], [[[87.9897, 22.2175], [87.9903, 22.2169], [87.9906, 22.2169], [87.9908, 22.2167], [87.9897, 22.2175]]], [[[88.9324, 22.225], [88.9616, 22.1972], [88.9315, 22.177], [88.9081, 22.1963], [88.9324, 22.225]]], [[[88.9848, 22.3824], [88.9836, 22.3253], [89.0235, 22.297], [88.9939, 22.2861], [89.0669, 22.1983], [89.0686, 22.1474], [89.0963, 22.155], [89.0622, 22.1284], [89.023, 22.1663], [89.0197, 22.2056], [88.9725, 22.2097], [88.9472, 22.2556], [88.9668, 22.4071], [88.9848, 22.3824]]], [[[87.9386, 22.3972], [87.9381, 22.3967], [87.9378, 22.3967], [87.9375, 22.3969], [87.9386, 22.3972]]], [[[88.8619, 22.3989], [88.8806, 22.4032], [88.8986, 22.3367], [88.8608, 22.3708], [88.8619, 22.3989]]], [[[88.8678, 22.4108], [88.8681, 22.4106], [88.8689, 22.4106], [88.8694, 22.41], [88.8678, 22.4108]]], [[[88.9189, 22.4265], [88.9189, 22.4253], [88.9186, 22.425], [88.9186, 22.4247], [88.9189, 22.4265]]], [[[87.9257, 22.4248], [87.9254, 22.4247], [87.924, 22.4256], [87.9227, 22.4266], [87.9257, 22.4248]]], [[[87.9119, 22.4322], [87.9119, 22.4319], [87.9128, 22.4311], [87.9131, 22.4314], [87.9119, 22.4322]]], [[[88.8592, 22.4694], [88.8592, 22.4667], [88.8589, 22.4664], [88.8589, 22.4636], [88.8592, 22.4694]]], [[[88.7814, 22.5006], [88.8348, 22.4338], [88.804, 22.4445], [88.7814, 22.5006]]], [[[88.8977, 22.5489], [88.8923, 22.4654], [88.9217, 22.4014], [88.8981, 22.3667], [88.8561, 22.4228], [88.8677, 22.4879], [88.8436, 22.5068], [88.8977, 22.5489]]], [[[88.9342, 22.564], [88.9348, 22.5639], [88.9355, 22.5637], [88.936, 22.5634], [88.9342, 22.564]]], [[[88.9202, 22.5653], [88.96, 22.5486], [88.9986, 22.4303], [88.9642, 22.4092], [88.9578, 22.3647], [88.9394, 22.419], [88.9419, 22.3099], [88.8964, 22.3798], [88.93, 22.3903], [88.8947, 22.4661], [88.9144, 22.5111], [88.895, 22.5596], [88.9202, 22.5653]]], [[[89.602, 25.9607], [89.6126, 25.9434], [89.584, 25.9347], [89.5761, 25.9513], [89.602, 25.9607]]], [[[88.7989, 26.2067], [88.7889, 26.1307], [88.7711, 26.1313], [88.7653, 26.2287], [88.7961, 26.2288], [88.7989, 26.2067]]], [[[88.6898, 26.247], [88.6999, 26.2247], [88.7219, 26.2327], [88.7196, 26.1764], [88.6718, 26.2458], [88.6898, 26.247]]], [[[88.6615, 26.2677], [88.6459, 26.2534], [88.6413, 26.2846], [88.6615, 26.2677]]], [[[86.3894, 19.9635], [86.3884, 19.9631], [86.386, 19.9637], [86.3828, 19.9661], [86.3894, 19.9635]]], [[[86.4322, 20.0232], [86.4275, 20.0205], [86.4252, 20.0211], [86.424, 20.0218], [86.4322, 20.0232]]], [[[86.7907, 20.3587], [86.7895, 20.3583], [86.7878, 20.3592], [86.7878, 20.3613], [86.7907, 20.3587]]], [[[86.8074, 20.3695], [86.8067, 20.3693], [86.8041, 20.3703], [86.804, 20.3769], [86.8074, 20.3695]]], [[[86.7951, 20.3963], [86.7934, 20.395], [86.7901, 20.3965], [86.7888, 20.4002], [86.7951, 20.3963]]], [[[87.0581, 20.7334], [87.0561, 20.7331], [87.0526, 20.7334], [87.0517, 20.7346], [87.0581, 20.7334]]], [[[87.0758, 20.747], [87.0772, 20.7461], [87.0781, 20.7463], [87.0794, 20.7444], [87.0758, 20.747]]], [[[87.095, 20.7575], [87.0913, 20.7558], [87.0883, 20.7566], [87.0873, 20.7571], [87.095, 20.7575]]], [[[86.9928, 20.7787], [86.9905, 20.7765], [86.9868, 20.7793], [86.9859, 20.7831], [86.9928, 20.7787]]], [[[86.8897, 20.7867], [86.8923, 20.7861], [86.8935, 20.7863], [86.9047, 20.7836], [86.8897, 20.7867]]], [[[87.076, 20.7749], [87.0747, 20.7742], [87.0738, 20.7745], [87.0712, 20.7758], [87.076, 20.7749]]], [[[86.9993, 20.7951], [86.9959, 20.7922], [86.9905, 20.7965], [86.9905, 20.8025], [86.9993, 20.7951]]], [[[86.9954, 20.8476], [86.9939, 20.8467], [86.9906, 20.8482], [86.9904, 20.8491], [86.9954, 20.8476]]]]}}]}